DELETE FROM bouquet_tasks;
DELETE FROM accessories_purchased;
DELETE FROM flowers_in_bouquet;
DELETE FROM accessories_in_bouquet;
DELETE FROM bouquets;
DELETE FROM news;
DELETE FROM purchases;
DELETE FROM basket_accessories;
DELETE FROM basket_bouquets;
DELETE FROM requests;
DELETE FROM clients;
DELETE FROM accessories_in_bouquet_template;
DELETE FROM flowers_in_bouquet_template;
DELETE FROM bouquet_templates;
DELETE FROM accessories;
DELETE FROM flowers;
DELETE FROM supplies;
DELETE FROM employees;

insert into employees (id, firstname, lastname, patronymic, email, password, user_group_id, active) values (1, 'Климентий', 'Носов', 'Чеславович', 'gdeedes0@boston.com', 'gdeedes0@boston.com', 1, true);
insert into employees (id, firstname, lastname, patronymic, email, password, user_group_id, active) values (2, 'Юлиан', 'Авдеев', 'Ермилович', 'ssearles1@prlog.org', 'ssearles1@prlog.org', 1, true);
insert into employees (id, firstname, lastname, patronymic, email, password, user_group_id, active) values (3, 'Храбр', 'Абрамов', 'Иларионович', 'greolfi2@indiatimes.com', 'greolfi2@indiatimes.com', 1, true);
insert into employees (id, firstname, lastname, patronymic, email, password, user_group_id, active) values (4, 'Светлан', 'Зуев', 'Захарович', 'ifaas3@ihg.com', 'ifaas3@ihg.com', 2, true);
insert into employees (id, firstname, lastname, patronymic, email, password, user_group_id, active) values (5, 'Максимильян', 'Ширяев', 'Вадимович', 'ejermy4@a8.net', 'ejermy4@a8.net', 2, true);
insert into employees (id, firstname, lastname, patronymic, email, password, user_group_id, active) values (6, 'Храбр', 'Тетерин', 'Аксёнович', 'lkirkbride5@seattletimes.com', 'lkirkbride5@seattletimes.com', 2, true);
insert into employees (id, firstname, lastname, patronymic, email, password, user_group_id, active) values (7, 'Дмитрий', 'Голубев', 'Ильгизович', 'jhardingham6@oakley.com', 'jhardingham6@oakley.com', 2, true);
insert into employees (id, firstname, lastname, patronymic, email, password, user_group_id, active) values (8, 'Василий', 'Копылов', 'Леонидович', 'ebunt7@ehow.com', 'ebunt7@ehow.com', 2, true);
insert into employees (id, firstname, lastname, patronymic, email, password, user_group_id, active) values (9, 'Сергей', 'Исаков', 'Артурович', 'sdougal8@craigslist.org', 'sdougal8@craigslist.org', 3, true);
insert into employees (id, firstname, lastname, patronymic, email, password, user_group_id, active) values (10, 'Григорий', 'Сидоров', 'Аверьянович', 'gpringle9@boston.com', 'gpringle9@boston.com', 3, true);
insert into employees (id, firstname, lastname, patronymic, email, password, user_group_id, active) values (11, 'Касьян', 'Фомин', 'Владленович', 'aekinsa@intel.com', 'aekinsa@intel.com', 3, true);
insert into employees (id, firstname, lastname, patronymic, email, password, user_group_id, active) values (12, 'Ларион', 'Максимов', 'Герасимович', 'mkattenhornb@sciencedaily.com', 'mkattenhornb@sciencedaily.com', 3, true);
insert into employees (id, firstname, lastname, patronymic, email, password, user_group_id, active) values (13, 'Флоренц', 'Степанов', 'Евграфович', 'hstandagec@symantec.com', 'hstandagec@symantec.com', 3, true);
insert into employees (id, firstname, lastname, patronymic, email, password, user_group_id, active) values (14, 'Сталь', 'Калинин', 'Устинович', 'rjorckd@hatena.ne.jp', 'rjorckd@hatena.ne.jp', 3, true);
insert into employees (id, firstname, lastname, patronymic, email, password, user_group_id, active) values (15, 'Галактион', 'Харитонов', 'Венедиктович', 'wmavene@cisco.com', 'wmavene@cisco.com', 3, true);
insert into employees (id, firstname, lastname, patronymic, email, password, user_group_id, active) values (16, 'Христоф', 'Анисимов', 'Ефимович', 'irubinovicif@sogou.com', 'irubinovicif@sogou.com', 3, true);
insert into employees (id, firstname, lastname, patronymic, email, password, user_group_id, active) values (17, 'Виталий', 'Егоров', 'Николаевич', 'cfeldbergg@delicious.com', 'cfeldbergg@delicious.com', 3, true);
insert into employees (id, firstname, lastname, patronymic, email, password, user_group_id, active) values (18, 'Лука', 'Денисов', 'Даниилович', 'fbonnorh@si.edu', 'fbonnorh@si.edu', 3, true);
insert into employees (id, firstname, lastname, patronymic, email, password, user_group_id, active) values (19, 'Флегонт', 'Фёдоров', 'Сергеевич', 'ogillingsi@spotify.com', 'ogillingsi@spotify.com', 3, true);
insert into employees (id, firstname, lastname, patronymic, email, password, user_group_id, active) values (20, 'Дональт', 'Соловьёв', 'Сидорович', 'fjarreltj@csmonitor.com', 'fjarreltj@csmonitor.com', 3, true);


insert into supplies (id, created, planned, supply_status_id, received, title) values (1, '2016-11-25', '2017-1-7', 1, null, 'Поставка 1/7/2017');
insert into supplies (id, created, planned, supply_status_id, received, title) values (2, '2016-7-10', '2016-8-15', 2, null, 'Поставка 8/15/2016');
insert into supplies (id, created, planned, supply_status_id, received, title) values (3, '2017-2-10', '2017-3-23', 1, null, 'Поставка 3/23/2017');
insert into supplies (id, created, planned, supply_status_id, received, title) values (4, '2017-4-12', '2017-6-6', 3, '2017-6-5', 'Поставка 6/6/2017');
insert into supplies (id, created, planned, supply_status_id, received, title) values (5, '2015-11-29', '2016-1-25', 3, '2016-1-29', 'Поставка 1/25/2016');
insert into supplies (id, created, planned, supply_status_id, received, title) values (6, '2017-6-26', '2017-8-6', 3, '2017-7-30', 'Поставка 8/6/2017');
insert into supplies (id, created, planned, supply_status_id, received, title) values (7, '2016-3-23', '2016-5-19', 3, '2016-5-16', 'Поставка 5/19/2016');
insert into supplies (id, created, planned, supply_status_id, received, title) values (8, '2017-2-19', '2017-3-17', 2, null, 'Поставка 3/17/2017');
insert into supplies (id, created, planned, supply_status_id, received, title) values (9, '2017-3-9', '2017-4-8', 2, null, 'Поставка 4/8/2017');
insert into supplies (id, created, planned, supply_status_id, received, title) values (10, '2016-4-19', '2016-6-7', 2, null, 'Поставка 6/7/2016');
insert into supplies (id, created, planned, supply_status_id, received, title) values (11, '2016-7-21', '2016-8-15', 3, '2016-8-10', 'Поставка 8/15/2016');
insert into supplies (id, created, planned, supply_status_id, received, title) values (12, '2016-1-10', '2016-2-21', 1, null, 'Поставка 2/21/2016');
insert into supplies (id, created, planned, supply_status_id, received, title) values (13, '2017-6-14', '2017-7-18', 3, '2017-7-13', 'Поставка 7/18/2017');
insert into supplies (id, created, planned, supply_status_id, received, title) values (14, '2017-8-19', '2017-10-3', 3, '2017-10-2', 'Поставка 10/3/2017');
insert into supplies (id, created, planned, supply_status_id, received, title) values (15, '2016-9-16', '2016-11-8', 3, '2016-11-4', 'Поставка 11/8/2016');
insert into supplies (id, created, planned, supply_status_id, received, title) values (16, '2017-8-30', '2017-10-14', 3, '2017-10-14', 'Поставка 10/14/2017');
insert into supplies (id, created, planned, supply_status_id, received, title) values (17, '2017-8-25', '2017-10-23', 2, null, 'Поставка 10/23/2017');
insert into supplies (id, created, planned, supply_status_id, received, title) values (18, '2016-12-28', '2017-2-4', 3, '2017-2-6', 'Поставка 2/4/2017');
insert into supplies (id, created, planned, supply_status_id, received, title) values (19, '2016-2-15', '2016-3-21', 2, null, 'Поставка 3/21/2016');
insert into supplies (id, created, planned, supply_status_id, received, title) values (20, '2016-8-20', '2016-10-12', 1, null, 'Поставка 10/12/2016');
insert into supplies (id, created, planned, supply_status_id, received, title) values (21, '2016-6-15', '2016-8-12', 2, null, 'Поставка 8/12/2016');
insert into supplies (id, created, planned, supply_status_id, received, title) values (22, '2016-5-3', '2016-5-15', 2, null, 'Поставка 5/15/2016');
insert into supplies (id, created, planned, supply_status_id, received, title) values (23, '2015-12-24', '2016-1-21', 2, null, 'Поставка 1/21/2016');
insert into supplies (id, created, planned, supply_status_id, received, title) values (24, '2017-9-10', '2017-10-13', 3, '2017-10-9', 'Поставка 10/13/2017');
insert into supplies (id, created, planned, supply_status_id, received, title) values (25, '2016-7-26', '2016-9-19', 2, null, 'Поставка 9/19/2016');
insert into supplies (id, created, planned, supply_status_id, received, title) values (26, '2017-4-3', '2017-4-22', 3, '2017-4-20', 'Поставка 4/22/2017');
insert into supplies (id, created, planned, supply_status_id, received, title) values (27, '2016-5-18', '2016-6-15', 3, '2016-6-13', 'Поставка 6/15/2016');
insert into supplies (id, created, planned, supply_status_id, received, title) values (28, '2016-1-30', '2016-3-19', 3, '2016-3-13', 'Поставка 3/19/2016');
insert into supplies (id, created, planned, supply_status_id, received, title) values (29, '2017-3-19', '2017-5-18', 3, '2017-5-21', 'Поставка 5/18/2017');
insert into supplies (id, created, planned, supply_status_id, received, title) values (30, '2017-9-1', '2017-10-27', 3, '2017-10-23', 'Поставка 10/27/2017');
insert into supplies (id, created, planned, supply_status_id, received, title) values (31, '2016-11-1', '2016-11-29', 2, null, 'Поставка 11/29/2016');
insert into supplies (id, created, planned, supply_status_id, received, title) values (32, '2016-5-13', '2016-6-13', 2, null, 'Поставка 6/13/2016');
insert into supplies (id, created, planned, supply_status_id, received, title) values (33, '2016-3-26', '2016-4-9', 1, null, 'Поставка 4/9/2016');
insert into supplies (id, created, planned, supply_status_id, received, title) values (34, '2016-3-16', '2016-4-23', 3, '2016-4-18', 'Поставка 4/23/2016');
insert into supplies (id, created, planned, supply_status_id, received, title) values (35, '2016-4-20', '2016-6-6', 3, '2016-6-6', 'Поставка 6/6/2016');
insert into supplies (id, created, planned, supply_status_id, received, title) values (36, '2017-1-13', '2017-2-24', 3, '2017-2-23', 'Поставка 2/24/2017');
insert into supplies (id, created, planned, supply_status_id, received, title) values (37, '2016-5-7', '2016-6-14', 2, null, 'Поставка 6/14/2016');
insert into supplies (id, created, planned, supply_status_id, received, title) values (38, '2017-8-6', '2017-9-5', 1, null, 'Поставка 9/5/2017');
insert into supplies (id, created, planned, supply_status_id, received, title) values (39, '2017-3-24', '2017-4-8', 2, null, 'Поставка 4/8/2017');
insert into supplies (id, created, planned, supply_status_id, received, title) values (40, '2017-2-10', '2017-2-28', 1, null, 'Поставка 2/28/2017');
insert into supplies (id, created, planned, supply_status_id, received, title) values (41, '2016-7-20', '2016-8-30', 3, '2016-9-3', 'Поставка 8/30/2016');
insert into supplies (id, created, planned, supply_status_id, received, title) values (42, '2017-2-12', '2017-3-22', 1, null, 'Поставка 3/22/2017');
insert into supplies (id, created, planned, supply_status_id, received, title) values (43, '2017-7-26', '2017-8-5', 2, null, 'Поставка 8/5/2017');
insert into supplies (id, created, planned, supply_status_id, received, title) values (44, '2016-11-29', '2016-12-13', 1, null, 'Поставка 12/13/2016');
insert into supplies (id, created, planned, supply_status_id, received, title) values (45, '2016-3-20', '2016-5-10', 3, '2016-5-15', 'Поставка 5/10/2016');
insert into supplies (id, created, planned, supply_status_id, received, title) values (46, '2017-7-24', '2017-8-23', 1, null, 'Поставка 8/23/2017');
insert into supplies (id, created, planned, supply_status_id, received, title) values (47, '2016-4-19', '2016-5-28', 2, null, 'Поставка 5/28/2016');
insert into supplies (id, created, planned, supply_status_id, received, title) values (48, '2015-12-3', '2016-1-14', 3, '2016-1-10', 'Поставка 1/14/2016');
insert into supplies (id, created, planned, supply_status_id, received, title) values (49, '2017-6-28', '2017-7-29', 1, null, 'Поставка 7/29/2017');
insert into supplies (id, created, planned, supply_status_id, received, title) values (50, '2016-1-4', '2016-2-17', 1, null, 'Поставка 2/17/2016');
insert into supplies (id, created, planned, supply_status_id, received, title) values (51, '2017-5-14', '2017-6-21', 2, null, 'Поставка 6/21/2017');
insert into supplies (id, created, planned, supply_status_id, received, title) values (52, '2016-4-27', '2016-6-3', 2, null, 'Поставка 6/3/2016');
insert into supplies (id, created, planned, supply_status_id, received, title) values (53, '2016-11-12', '2017-1-6', 2, null, 'Поставка 1/6/2017');
insert into supplies (id, created, planned, supply_status_id, received, title) values (54, '2017-1-16', '2017-2-3', 1, null, 'Поставка 2/3/2017');
insert into supplies (id, created, planned, supply_status_id, received, title) values (55, '2016-2-9', '2016-3-5', 1, null, 'Поставка 3/5/2016');
insert into supplies (id, created, planned, supply_status_id, received, title) values (56, '2016-2-10', '2016-4-8', 1, null, 'Поставка 4/8/2016');
insert into supplies (id, created, planned, supply_status_id, received, title) values (57, '2016-12-22', '2017-2-13', 1, null, 'Поставка 2/13/2017');
insert into supplies (id, created, planned, supply_status_id, received, title) values (58, '2017-4-30', '2017-5-14', 3, '2017-5-19', 'Поставка 5/14/2017');
insert into supplies (id, created, planned, supply_status_id, received, title) values (59, '2017-2-28', '2017-3-13', 3, '2017-3-10', 'Поставка 3/13/2017');
insert into supplies (id, created, planned, supply_status_id, received, title) values (60, '2016-10-17', '2016-12-16', 2, null, 'Поставка 12/16/2016');
insert into supplies (id, created, planned, supply_status_id, received, title) values (61, '2017-8-28', '2017-9-19', 3, '2017-9-14', 'Поставка 9/19/2017');
insert into supplies (id, created, planned, supply_status_id, received, title) values (62, '2016-5-27', '2016-7-4', 3, '2016-7-8', 'Поставка 7/4/2016');
insert into supplies (id, created, planned, supply_status_id, received, title) values (63, '2017-8-7', '2017-8-19', 1, null, 'Поставка 8/19/2017');
insert into supplies (id, created, planned, supply_status_id, received, title) values (64, '2017-5-30', '2017-6-27', 3, '2017-6-27', 'Поставка 6/27/2017');
insert into supplies (id, created, planned, supply_status_id, received, title) values (65, '2016-6-28', '2016-8-16', 3, '2016-8-12', 'Поставка 8/16/2016');
insert into supplies (id, created, planned, supply_status_id, received, title) values (66, '2015-11-16', '2015-11-29', 1, null, 'Поставка 11/29/2015');
insert into supplies (id, created, planned, supply_status_id, received, title) values (67, '2017-7-11', '2017-7-22', 2, null, 'Поставка 7/22/2017');
insert into supplies (id, created, planned, supply_status_id, received, title) values (68, '2016-8-5', '2016-9-1', 1, null, 'Поставка 9/1/2016');
insert into supplies (id, created, planned, supply_status_id, received, title) values (69, '2017-3-10', '2017-4-14', 1, null, 'Поставка 4/14/2017');
insert into supplies (id, created, planned, supply_status_id, received, title) values (70, '2017-7-11', '2017-8-17', 1, null, 'Поставка 8/17/2017');
insert into supplies (id, created, planned, supply_status_id, received, title) values (71, '2017-6-9', '2017-7-18', 1, null, 'Поставка 7/18/2017');
insert into supplies (id, created, planned, supply_status_id, received, title) values (72, '2016-5-5', '2016-6-27', 3, '2016-6-29', 'Поставка 6/27/2016');
insert into supplies (id, created, planned, supply_status_id, received, title) values (73, '2017-4-13', '2017-5-10', 1, null, 'Поставка 5/10/2017');
insert into supplies (id, created, planned, supply_status_id, received, title) values (74, '2016-4-13', '2016-5-30', 3, '2016-5-29', 'Поставка 5/30/2016');
insert into supplies (id, created, planned, supply_status_id, received, title) values (75, '2015-11-22', '2016-1-14', 2, null, 'Поставка 1/14/2016');
insert into supplies (id, created, planned, supply_status_id, received, title) values (76, '2016-8-20', '2016-10-13', 1, null, 'Поставка 10/13/2016');
insert into supplies (id, created, planned, supply_status_id, received, title) values (77, '2017-2-14', '2017-3-31', 2, null, 'Поставка 3/31/2017');
insert into supplies (id, created, planned, supply_status_id, received, title) values (78, '2016-10-29', '2016-12-16', 1, null, 'Поставка 12/16/2016');
insert into supplies (id, created, planned, supply_status_id, received, title) values (79, '2017-2-20', '2017-4-20', 3, '2017-4-25', 'Поставка 4/20/2017');
insert into supplies (id, created, planned, supply_status_id, received, title) values (80, '2016-10-27', '2016-11-12', 2, null, 'Поставка 11/12/2016');
insert into supplies (id, created, planned, supply_status_id, received, title) values (81, '2017-2-27', '2017-4-14', 2, null, 'Поставка 4/14/2017');
insert into supplies (id, created, planned, supply_status_id, received, title) values (82, '2017-5-7', '2017-5-20', 2, null, 'Поставка 5/20/2017');
insert into supplies (id, created, planned, supply_status_id, received, title) values (83, '2016-11-3', '2016-12-28', 1, null, 'Поставка 12/28/2016');
insert into supplies (id, created, planned, supply_status_id, received, title) values (84, '2017-2-24', '2017-4-18', 1, null, 'Поставка 4/18/2017');
insert into supplies (id, created, planned, supply_status_id, received, title) values (85, '2015-12-30', '2016-2-2', 3, '2016-2-2', 'Поставка 2/2/2016');
insert into supplies (id, created, planned, supply_status_id, received, title) values (86, '2016-7-12', '2016-9-6', 3, '2016-9-9', 'Поставка 9/6/2016');
insert into supplies (id, created, planned, supply_status_id, received, title) values (87, '2016-2-8', '2016-4-8', 2, null, 'Поставка 4/8/2016');
insert into supplies (id, created, planned, supply_status_id, received, title) values (88, '2016-11-3', '2016-12-30', 1, null, 'Поставка 12/30/2016');
insert into supplies (id, created, planned, supply_status_id, received, title) values (89, '2017-9-24', '2017-10-14', 1, null, 'Поставка 10/14/2017');
insert into supplies (id, created, planned, supply_status_id, received, title) values (90, '2016-3-19', '2016-4-14', 1, null, 'Поставка 4/14/2016');
insert into supplies (id, created, planned, supply_status_id, received, title) values (91, '2017-10-19', '2017-11-22', 1, null, 'Поставка 11/22/2017');
insert into supplies (id, created, planned, supply_status_id, received, title) values (92, '2017-2-18', '2017-3-25', 2, null, 'Поставка 3/25/2017');
insert into supplies (id, created, planned, supply_status_id, received, title) values (93, '2016-10-4', '2016-11-8', 2, null, 'Поставка 11/8/2016');
insert into supplies (id, created, planned, supply_status_id, received, title) values (94, '2016-7-3', '2016-8-2', 3, '2016-7-30', 'Поставка 8/2/2016');
insert into supplies (id, created, planned, supply_status_id, received, title) values (95, '2017-8-22', '2017-9-15', 1, null, 'Поставка 9/15/2017');
insert into supplies (id, created, planned, supply_status_id, received, title) values (96, '2016-8-11', '2016-8-21', 1, null, 'Поставка 8/21/2016');
insert into supplies (id, created, planned, supply_status_id, received, title) values (97, '2016-3-21', '2016-5-7', 3, '2016-5-1', 'Поставка 5/7/2016');
insert into supplies (id, created, planned, supply_status_id, received, title) values (98, '2016-8-22', '2016-9-17', 3, '2016-9-16', 'Поставка 9/17/2016');
insert into supplies (id, created, planned, supply_status_id, received, title) values (99, '2017-7-28', '2017-9-8', 2, null, 'Поставка 9/8/2017');
insert into supplies (id, created, planned, supply_status_id, received, title) values (100, '2015-12-16', '2016-1-13', 2, null, 'Поставка 1/13/2016');
insert into supplies (id, created, planned, supply_status_id, received, title) values (101, '2017-8-12', '2017-8-29', 1, null, 'Поставка 8/29/2017');
insert into supplies (id, created, planned, supply_status_id, received, title) values (102, '2017-9-29', '2017-10-24', 2, null, 'Поставка 10/24/2017');
insert into supplies (id, created, planned, supply_status_id, received, title) values (103, '2017-3-25', '2017-5-24', 2, null, 'Поставка 5/24/2017');
insert into supplies (id, created, planned, supply_status_id, received, title) values (104, '2016-2-6', '2016-3-20', 3, '2016-3-20', 'Поставка 3/20/2016');
insert into supplies (id, created, planned, supply_status_id, received, title) values (105, '2016-9-14', '2016-10-31', 3, '2016-10-30', 'Поставка 10/31/2016');
insert into supplies (id, created, planned, supply_status_id, received, title) values (106, '2016-6-2', '2016-7-1', 2, null, 'Поставка 7/1/2016');
insert into supplies (id, created, planned, supply_status_id, received, title) values (107, '2015-11-30', '2015-12-30', 2, null, 'Поставка 12/30/2015');
insert into supplies (id, created, planned, supply_status_id, received, title) values (108, '2017-3-21', '2017-4-14', 2, null, 'Поставка 4/14/2017');
insert into supplies (id, created, planned, supply_status_id, received, title) values (109, '2017-7-9', '2017-9-7', 3, '2017-9-4', 'Поставка 9/7/2017');
insert into supplies (id, created, planned, supply_status_id, received, title) values (110, '2016-8-8', '2016-10-7', 1, null, 'Поставка 10/7/2016');
insert into supplies (id, created, planned, supply_status_id, received, title) values (111, '2016-12-15', '2017-1-9', 1, null, 'Поставка 1/9/2017');
insert into supplies (id, created, planned, supply_status_id, received, title) values (112, '2015-12-19', '2016-2-4', 3, '2016-2-7', 'Поставка 2/4/2016');
insert into supplies (id, created, planned, supply_status_id, received, title) values (113, '2016-8-30', '2016-10-10', 3, '2016-10-6', 'Поставка 10/10/2016');
insert into supplies (id, created, planned, supply_status_id, received, title) values (114, '2017-10-4', '2017-11-23', 3, '2017-11-19', 'Поставка 11/23/2017');
insert into supplies (id, created, planned, supply_status_id, received, title) values (115, '2017-2-8', '2017-3-9', 3, '2017-3-14', 'Поставка 3/9/2017');
insert into supplies (id, created, planned, supply_status_id, received, title) values (116, '2016-10-21', '2016-12-17', 3, '2016-12-15', 'Поставка 12/17/2016');
insert into supplies (id, created, planned, supply_status_id, received, title) values (117, '2016-6-4', '2016-6-23', 1, null, 'Поставка 6/23/2016');
insert into supplies (id, created, planned, supply_status_id, received, title) values (118, '2016-4-9', '2016-4-30', 2, null, 'Поставка 4/30/2016');
insert into supplies (id, created, planned, supply_status_id, received, title) values (119, '2016-1-26', '2016-3-6', 3, '2016-3-11', 'Поставка 3/6/2016');
insert into supplies (id, created, planned, supply_status_id, received, title) values (120, '2017-9-11', '2017-9-29', 2, null, 'Поставка 9/29/2017');
insert into supplies (id, created, planned, supply_status_id, received, title) values (121, '2017-6-6', '2017-7-26', 2, null, 'Поставка 7/26/2017');
insert into supplies (id, created, planned, supply_status_id, received, title) values (122, '2017-4-4', '2017-4-22', 1, null, 'Поставка 4/22/2017');
insert into supplies (id, created, planned, supply_status_id, received, title) values (123, '2016-12-31', '2017-1-16', 1, null, 'Поставка 1/16/2017');
insert into supplies (id, created, planned, supply_status_id, received, title) values (124, '2016-9-7', '2016-10-8', 1, null, 'Поставка 10/8/2016');
insert into supplies (id, created, planned, supply_status_id, received, title) values (125, '2016-3-11', '2016-4-22', 3, '2016-4-21', 'Поставка 4/22/2016');
insert into supplies (id, created, planned, supply_status_id, received, title) values (126, '2017-8-4', '2017-10-3', 1, null, 'Поставка 10/3/2017');
insert into supplies (id, created, planned, supply_status_id, received, title) values (127, '2017-3-31', '2017-5-13', 3, '2017-5-17', 'Поставка 5/13/2017');
insert into supplies (id, created, planned, supply_status_id, received, title) values (128, '2016-11-15', '2016-12-19', 1, null, 'Поставка 12/19/2016');
insert into supplies (id, created, planned, supply_status_id, received, title) values (129, '2016-1-14', '2016-1-30', 2, null, 'Поставка 1/30/2016');
insert into supplies (id, created, planned, supply_status_id, received, title) values (130, '2016-4-26', '2016-5-13', 1, null, 'Поставка 5/13/2016');
insert into supplies (id, created, planned, supply_status_id, received, title) values (131, '2017-6-1', '2017-6-14', 3, '2017-6-18', 'Поставка 6/14/2017');
insert into supplies (id, created, planned, supply_status_id, received, title) values (132, '2016-1-27', '2016-2-12', 3, '2016-2-16', 'Поставка 2/12/2016');
insert into supplies (id, created, planned, supply_status_id, received, title) values (133, '2017-10-27', '2017-11-19', 3, '2017-11-12', 'Поставка 11/19/2017');
insert into supplies (id, created, planned, supply_status_id, received, title) values (134, '2017-10-4', '2017-10-20', 2, null, 'Поставка 10/20/2017');
insert into supplies (id, created, planned, supply_status_id, received, title) values (135, '2016-10-13', '2016-12-2', 3, '2016-11-25', 'Поставка 12/2/2016');
insert into supplies (id, created, planned, supply_status_id, received, title) values (136, '2016-2-3', '2016-3-2', 2, null, 'Поставка 3/2/2016');
insert into supplies (id, created, planned, supply_status_id, received, title) values (137, '2016-5-6', '2016-6-30', 3, '2016-7-4', 'Поставка 6/30/2016');
insert into supplies (id, created, planned, supply_status_id, received, title) values (138, '2016-4-24', '2016-6-6', 2, null, 'Поставка 6/6/2016');
insert into supplies (id, created, planned, supply_status_id, received, title) values (139, '2016-3-31', '2016-4-30', 1, null, 'Поставка 4/30/2016');
insert into supplies (id, created, planned, supply_status_id, received, title) values (140, '2016-7-3', '2016-8-4', 1, null, 'Поставка 8/4/2016');
insert into supplies (id, created, planned, supply_status_id, received, title) values (141, '2017-8-10', '2017-9-2', 3, '2017-9-6', 'Поставка 9/2/2017');
insert into supplies (id, created, planned, supply_status_id, received, title) values (142, '2017-4-25', '2017-5-23', 3, '2017-5-23', 'Поставка 5/23/2017');
insert into supplies (id, created, planned, supply_status_id, received, title) values (143, '2017-8-15', '2017-9-6', 2, null, 'Поставка 9/6/2017');
insert into supplies (id, created, planned, supply_status_id, received, title) values (144, '2017-9-26', '2017-10-29', 2, null, 'Поставка 10/29/2017');
insert into supplies (id, created, planned, supply_status_id, received, title) values (145, '2016-10-18', '2016-12-9', 2, null, 'Поставка 12/9/2016');
insert into supplies (id, created, planned, supply_status_id, received, title) values (146, '2017-4-3', '2017-5-13', 3, '2017-5-6', 'Поставка 5/13/2017');
insert into supplies (id, created, planned, supply_status_id, received, title) values (147, '2016-2-18', '2016-4-14', 3, '2016-4-7', 'Поставка 4/14/2016');
insert into supplies (id, created, planned, supply_status_id, received, title) values (148, '2016-8-4', '2016-9-17', 2, null, 'Поставка 9/17/2016');
insert into supplies (id, created, planned, supply_status_id, received, title) values (149, '2016-10-16', '2016-11-20', 3, '2016-11-21', 'Поставка 11/20/2016');
insert into supplies (id, created, planned, supply_status_id, received, title) values (150, '2016-2-21', '2016-4-2', 3, '2016-4-7', 'Поставка 4/2/2016');


insert into flowers (id, title, active) values (1, 'Хризантема', true);
insert into flowers (id, title, active) values (2, 'Брандушка', true);
insert into flowers (id, title, active) values (3, 'Воробейник', false);
insert into flowers (id, title, active) values (4, 'Кларкия', true);
insert into flowers (id, title, active) values (5, 'Земляника', true);
insert into flowers (id, title, active) values (6, 'Яснотка', false);
insert into flowers (id, title, active) values (7, 'Зубянка', true);
insert into flowers (id, title, active) values (8, 'Эукомис', true);
insert into flowers (id, title, active) values (9, 'Лобелия', false);
insert into flowers (id, title, active) values (10, 'Аир', true);
insert into flowers (id, title, active) values (11, 'Амсония', true);
insert into flowers (id, title, active) values (12, 'Робиния', true);
insert into flowers (id, title, active) values (13, 'Микробиота', true);
insert into flowers (id, title, active) values (14, 'Амсония', false);
insert into flowers (id, title, active) values (15, 'Карагана', true);
insert into flowers (id, title, active) values (16, 'Сангвинария', true);
insert into flowers (id, title, active) values (17, 'Сеслерия', true);
insert into flowers (id, title, active) values (18, 'Будра', false);
insert into flowers (id, title, active) values (19, 'Смилацина', true);
insert into flowers (id, title, active) values (20, 'Кипарисовик', true);
insert into flowers (id, title, active) values (21, 'Хеномелес', true);
insert into flowers (id, title, active) values (22, 'Вишня', true);
insert into flowers (id, title, active) values (23, 'Хаконехлоа', false);
insert into flowers (id, title, active) values (24, 'Зубянка', false);
insert into flowers (id, title, active) values (25, 'Василек', true);
insert into flowers (id, title, active) values (26, 'Хохлатка', false);
insert into flowers (id, title, active) values (27, 'Хаконехлоа', false);
insert into flowers (id, title, active) values (28, 'Молочай', false);
insert into flowers (id, title, active) values (29, 'Стефанандра', true);
insert into flowers (id, title, active) values (30, 'Элеутерококк', true);
insert into flowers (id, title, active) values (31, 'Алтея', true);
insert into flowers (id, title, active) values (32, 'Алтея', true);
insert into flowers (id, title, active) values (33, 'Аралия', true);
insert into flowers (id, title, active) values (34, 'Девичий', true);
insert into flowers (id, title, active) values (35, 'Ситник', false);
insert into flowers (id, title, active) values (36, 'Вишня', false);
insert into flowers (id, title, active) values (37, 'Василистник', false);
insert into flowers (id, title, active) values (38, 'Адиантум', true);
insert into flowers (id, title, active) values (39, 'Анемонелла', true);
insert into flowers (id, title, active) values (40, 'Молочай', true);


insert into accessories (id, title, price, can_be_sold, active) values (1, 'Проволока герберная', 64, true, true);
insert into accessories (id, title, price, can_be_sold, active) values (2, 'Набор Блестки', 196, true, true);
insert into accessories (id, title, price, can_be_sold, active) values (3, 'Удлинитель для цветов', 247, true, false);
insert into accessories (id, title, price, can_be_sold, active) values (4, 'Oasis Класик Кирпич', 434, true, true);
insert into accessories (id, title, price, can_be_sold, active) values (5, 'Oasis Идеал Кирпич', 330, true, true);
insert into accessories (id, title, price, can_be_sold, active) values (6, 'Oasis Идеал Кирпич', 355, true, true);
insert into accessories (id, title, price, can_be_sold, active) values (7, 'Набор Блестки', 326, false, true);
insert into accessories (id, title, price, can_be_sold, active) values (8, 'Oasis Портбукетница Lady II', 205, true, false);
insert into accessories (id, title, price, can_be_sold, active) values (9, 'Oasis Идеал Кирпич', 75, true, false);


insert into supply_flower_batch (id, supply_id, flower_id, count) values (1, 41, 11, 28);
insert into supply_flower_batch (id, supply_id, flower_id, count) values (2, 112, 39, 21);
insert into supply_flower_batch (id, supply_id, flower_id, count) values (3, 32, 5, 43);
insert into supply_flower_batch (id, supply_id, flower_id, count) values (4, 113, 26, 45);
insert into supply_flower_batch (id, supply_id, flower_id, count) values (5, 52, 11, 50);
insert into supply_flower_batch (id, supply_id, flower_id, count) values (6, 67, 29, 35);
insert into supply_flower_batch (id, supply_id, flower_id, count) values (7, 61, 38, 17);
insert into supply_flower_batch (id, supply_id, flower_id, count) values (8, 28, 31, 50);
insert into supply_flower_batch (id, supply_id, flower_id, count) values (9, 70, 2, 40);
insert into supply_flower_batch (id, supply_id, flower_id, count) values (10, 107, 20, 39);
insert into supply_flower_batch (id, supply_id, flower_id, count) values (11, 90, 2, 13);
insert into supply_flower_batch (id, supply_id, flower_id, count) values (12, 5, 13, 48);
insert into supply_flower_batch (id, supply_id, flower_id, count) values (13, 2, 32, 45);
insert into supply_flower_batch (id, supply_id, flower_id, count) values (14, 50, 16, 48);
insert into supply_flower_batch (id, supply_id, flower_id, count) values (15, 72, 2, 32);
insert into supply_flower_batch (id, supply_id, flower_id, count) values (16, 49, 26, 11);
insert into supply_flower_batch (id, supply_id, flower_id, count) values (17, 74, 24, 29);
insert into supply_flower_batch (id, supply_id, flower_id, count) values (18, 52, 29, 16);
insert into supply_flower_batch (id, supply_id, flower_id, count) values (19, 52, 21, 39);
insert into supply_flower_batch (id, supply_id, flower_id, count) values (20, 10, 23, 37);
insert into supply_flower_batch (id, supply_id, flower_id, count) values (21, 104, 16, 24);
insert into supply_flower_batch (id, supply_id, flower_id, count) values (22, 36, 37, 43);
insert into supply_flower_batch (id, supply_id, flower_id, count) values (23, 14, 14, 40);
insert into supply_flower_batch (id, supply_id, flower_id, count) values (24, 101, 39, 10);
insert into supply_flower_batch (id, supply_id, flower_id, count) values (25, 76, 5, 14);
insert into supply_flower_batch (id, supply_id, flower_id, count) values (26, 108, 17, 45);
insert into supply_flower_batch (id, supply_id, flower_id, count) values (27, 76, 19, 46);
insert into supply_flower_batch (id, supply_id, flower_id, count) values (28, 130, 36, 19);
insert into supply_flower_batch (id, supply_id, flower_id, count) values (29, 71, 15, 19);
insert into supply_flower_batch (id, supply_id, flower_id, count) values (30, 100, 11, 47);
insert into supply_flower_batch (id, supply_id, flower_id, count) values (31, 85, 9, 47);
insert into supply_flower_batch (id, supply_id, flower_id, count) values (32, 133, 31, 42);
insert into supply_flower_batch (id, supply_id, flower_id, count) values (33, 36, 24, 40);
insert into supply_flower_batch (id, supply_id, flower_id, count) values (34, 54, 37, 37);
insert into supply_flower_batch (id, supply_id, flower_id, count) values (35, 16, 31, 48);
insert into supply_flower_batch (id, supply_id, flower_id, count) values (36, 133, 10, 14);
insert into supply_flower_batch (id, supply_id, flower_id, count) values (37, 49, 5, 37);
insert into supply_flower_batch (id, supply_id, flower_id, count) values (38, 57, 12, 21);
insert into supply_flower_batch (id, supply_id, flower_id, count) values (39, 144, 33, 30);
insert into supply_flower_batch (id, supply_id, flower_id, count) values (40, 37, 38, 36);
insert into supply_flower_batch (id, supply_id, flower_id, count) values (41, 55, 20, 36);
insert into supply_flower_batch (id, supply_id, flower_id, count) values (42, 33, 38, 43);
insert into supply_flower_batch (id, supply_id, flower_id, count) values (43, 122, 14, 31);
insert into supply_flower_batch (id, supply_id, flower_id, count) values (44, 48, 11, 35);
insert into supply_flower_batch (id, supply_id, flower_id, count) values (45, 7, 6, 47);
insert into supply_flower_batch (id, supply_id, flower_id, count) values (46, 80, 36, 17);
insert into supply_flower_batch (id, supply_id, flower_id, count) values (47, 146, 4, 31);
insert into supply_flower_batch (id, supply_id, flower_id, count) values (48, 70, 7, 35);
insert into supply_flower_batch (id, supply_id, flower_id, count) values (49, 28, 38, 20);
insert into supply_flower_batch (id, supply_id, flower_id, count) values (50, 37, 32, 49);
insert into supply_flower_batch (id, supply_id, flower_id, count) values (51, 138, 36, 35);
insert into supply_flower_batch (id, supply_id, flower_id, count) values (52, 83, 38, 21);
insert into supply_flower_batch (id, supply_id, flower_id, count) values (53, 25, 8, 28);
insert into supply_flower_batch (id, supply_id, flower_id, count) values (54, 126, 3, 16);
insert into supply_flower_batch (id, supply_id, flower_id, count) values (55, 79, 8, 36);
insert into supply_flower_batch (id, supply_id, flower_id, count) values (56, 11, 20, 29);
insert into supply_flower_batch (id, supply_id, flower_id, count) values (57, 62, 26, 49);
insert into supply_flower_batch (id, supply_id, flower_id, count) values (58, 32, 4, 16);
insert into supply_flower_batch (id, supply_id, flower_id, count) values (59, 8, 27, 33);
insert into supply_flower_batch (id, supply_id, flower_id, count) values (60, 119, 3, 49);
insert into supply_flower_batch (id, supply_id, flower_id, count) values (61, 16, 30, 17);
insert into supply_flower_batch (id, supply_id, flower_id, count) values (62, 36, 22, 33);
insert into supply_flower_batch (id, supply_id, flower_id, count) values (63, 6, 31, 15);
insert into supply_flower_batch (id, supply_id, flower_id, count) values (64, 13, 3, 38);
insert into supply_flower_batch (id, supply_id, flower_id, count) values (65, 21, 17, 37);
insert into supply_flower_batch (id, supply_id, flower_id, count) values (66, 129, 38, 44);
insert into supply_flower_batch (id, supply_id, flower_id, count) values (67, 78, 31, 11);
insert into supply_flower_batch (id, supply_id, flower_id, count) values (68, 103, 24, 48);
insert into supply_flower_batch (id, supply_id, flower_id, count) values (69, 79, 27, 20);
insert into supply_flower_batch (id, supply_id, flower_id, count) values (70, 3, 25, 30);
insert into supply_flower_batch (id, supply_id, flower_id, count) values (71, 134, 37, 27);
insert into supply_flower_batch (id, supply_id, flower_id, count) values (72, 64, 3, 50);
insert into supply_flower_batch (id, supply_id, flower_id, count) values (73, 48, 36, 46);
insert into supply_flower_batch (id, supply_id, flower_id, count) values (74, 114, 39, 15);
insert into supply_flower_batch (id, supply_id, flower_id, count) values (75, 44, 6, 18);
insert into supply_flower_batch (id, supply_id, flower_id, count) values (76, 67, 26, 11);
insert into supply_flower_batch (id, supply_id, flower_id, count) values (77, 146, 22, 28);
insert into supply_flower_batch (id, supply_id, flower_id, count) values (78, 1, 1, 44);
insert into supply_flower_batch (id, supply_id, flower_id, count) values (79, 89, 1, 27);
insert into supply_flower_batch (id, supply_id, flower_id, count) values (80, 78, 17, 27);
insert into supply_flower_batch (id, supply_id, flower_id, count) values (81, 64, 19, 29);
insert into supply_flower_batch (id, supply_id, flower_id, count) values (82, 91, 36, 38);
insert into supply_flower_batch (id, supply_id, flower_id, count) values (83, 34, 26, 29);
insert into supply_flower_batch (id, supply_id, flower_id, count) values (84, 34, 1, 27);
insert into supply_flower_batch (id, supply_id, flower_id, count) values (85, 54, 12, 31);
insert into supply_flower_batch (id, supply_id, flower_id, count) values (86, 4, 15, 29);
insert into supply_flower_batch (id, supply_id, flower_id, count) values (87, 119, 26, 29);
insert into supply_flower_batch (id, supply_id, flower_id, count) values (88, 12, 15, 50);
insert into supply_flower_batch (id, supply_id, flower_id, count) values (89, 2, 21, 30);
insert into supply_flower_batch (id, supply_id, flower_id, count) values (90, 39, 25, 28);
insert into supply_flower_batch (id, supply_id, flower_id, count) values (91, 122, 38, 38);
insert into supply_flower_batch (id, supply_id, flower_id, count) values (92, 21, 27, 22);
insert into supply_flower_batch (id, supply_id, flower_id, count) values (93, 93, 21, 48);
insert into supply_flower_batch (id, supply_id, flower_id, count) values (94, 102, 35, 34);
insert into supply_flower_batch (id, supply_id, flower_id, count) values (95, 36, 8, 36);
insert into supply_flower_batch (id, supply_id, flower_id, count) values (96, 99, 2, 12);
insert into supply_flower_batch (id, supply_id, flower_id, count) values (97, 144, 16, 50);
insert into supply_flower_batch (id, supply_id, flower_id, count) values (98, 145, 26, 27);
insert into supply_flower_batch (id, supply_id, flower_id, count) values (99, 38, 11, 13);
insert into supply_flower_batch (id, supply_id, flower_id, count) values (100, 116, 4, 18);
insert into supply_flower_batch (id, supply_id, flower_id, count) values (101, 110, 23, 19);
insert into supply_flower_batch (id, supply_id, flower_id, count) values (102, 120, 7, 27);
insert into supply_flower_batch (id, supply_id, flower_id, count) values (103, 53, 32, 36);
insert into supply_flower_batch (id, supply_id, flower_id, count) values (104, 97, 6, 40);
insert into supply_flower_batch (id, supply_id, flower_id, count) values (105, 4, 38, 42);
insert into supply_flower_batch (id, supply_id, flower_id, count) values (106, 63, 31, 25);
insert into supply_flower_batch (id, supply_id, flower_id, count) values (107, 76, 19, 44);
insert into supply_flower_batch (id, supply_id, flower_id, count) values (108, 14, 5, 44);
insert into supply_flower_batch (id, supply_id, flower_id, count) values (109, 63, 25, 45);
insert into supply_flower_batch (id, supply_id, flower_id, count) values (110, 95, 27, 47);
insert into supply_flower_batch (id, supply_id, flower_id, count) values (111, 34, 7, 41);
insert into supply_flower_batch (id, supply_id, flower_id, count) values (112, 141, 36, 37);
insert into supply_flower_batch (id, supply_id, flower_id, count) values (113, 83, 7, 25);
insert into supply_flower_batch (id, supply_id, flower_id, count) values (114, 142, 8, 12);
insert into supply_flower_batch (id, supply_id, flower_id, count) values (115, 109, 26, 17);
insert into supply_flower_batch (id, supply_id, flower_id, count) values (116, 58, 12, 19);
insert into supply_flower_batch (id, supply_id, flower_id, count) values (117, 10, 14, 26);
insert into supply_flower_batch (id, supply_id, flower_id, count) values (118, 139, 6, 25);
insert into supply_flower_batch (id, supply_id, flower_id, count) values (119, 37, 19, 42);
insert into supply_flower_batch (id, supply_id, flower_id, count) values (120, 105, 32, 11);
insert into supply_flower_batch (id, supply_id, flower_id, count) values (121, 132, 36, 40);
insert into supply_flower_batch (id, supply_id, flower_id, count) values (122, 36, 2, 35);
insert into supply_flower_batch (id, supply_id, flower_id, count) values (123, 90, 12, 32);
insert into supply_flower_batch (id, supply_id, flower_id, count) values (124, 4, 13, 16);
insert into supply_flower_batch (id, supply_id, flower_id, count) values (125, 35, 34, 43);
insert into supply_flower_batch (id, supply_id, flower_id, count) values (126, 145, 15, 33);
insert into supply_flower_batch (id, supply_id, flower_id, count) values (127, 41, 6, 32);
insert into supply_flower_batch (id, supply_id, flower_id, count) values (128, 136, 21, 22);
insert into supply_flower_batch (id, supply_id, flower_id, count) values (129, 44, 32, 37);
insert into supply_flower_batch (id, supply_id, flower_id, count) values (130, 104, 13, 44);
insert into supply_flower_batch (id, supply_id, flower_id, count) values (131, 5, 28, 31);
insert into supply_flower_batch (id, supply_id, flower_id, count) values (132, 58, 17, 46);
insert into supply_flower_batch (id, supply_id, flower_id, count) values (133, 124, 6, 36);
insert into supply_flower_batch (id, supply_id, flower_id, count) values (134, 13, 21, 19);
insert into supply_flower_batch (id, supply_id, flower_id, count) values (135, 136, 21, 31);
insert into supply_flower_batch (id, supply_id, flower_id, count) values (136, 133, 21, 41);
insert into supply_flower_batch (id, supply_id, flower_id, count) values (137, 93, 13, 40);
insert into supply_flower_batch (id, supply_id, flower_id, count) values (138, 54, 15, 23);
insert into supply_flower_batch (id, supply_id, flower_id, count) values (139, 8, 3, 43);
insert into supply_flower_batch (id, supply_id, flower_id, count) values (140, 11, 11, 25);
insert into supply_flower_batch (id, supply_id, flower_id, count) values (141, 125, 4, 45);
insert into supply_flower_batch (id, supply_id, flower_id, count) values (142, 68, 31, 23);
insert into supply_flower_batch (id, supply_id, flower_id, count) values (143, 135, 6, 34);
insert into supply_flower_batch (id, supply_id, flower_id, count) values (144, 108, 28, 20);
insert into supply_flower_batch (id, supply_id, flower_id, count) values (145, 1, 37, 38);
insert into supply_flower_batch (id, supply_id, flower_id, count) values (146, 124, 3, 22);
insert into supply_flower_batch (id, supply_id, flower_id, count) values (147, 90, 17, 35);
insert into supply_flower_batch (id, supply_id, flower_id, count) values (148, 84, 16, 40);
insert into supply_flower_batch (id, supply_id, flower_id, count) values (149, 79, 19, 39);
insert into supply_flower_batch (id, supply_id, flower_id, count) values (150, 139, 2, 45);
insert into supply_flower_batch (id, supply_id, flower_id, count) values (151, 43, 29, 19);
insert into supply_flower_batch (id, supply_id, flower_id, count) values (152, 145, 19, 32);
insert into supply_flower_batch (id, supply_id, flower_id, count) values (153, 113, 14, 49);
insert into supply_flower_batch (id, supply_id, flower_id, count) values (154, 29, 32, 37);
insert into supply_flower_batch (id, supply_id, flower_id, count) values (155, 114, 9, 33);
insert into supply_flower_batch (id, supply_id, flower_id, count) values (156, 7, 29, 15);
insert into supply_flower_batch (id, supply_id, flower_id, count) values (157, 127, 22, 20);
insert into supply_flower_batch (id, supply_id, flower_id, count) values (158, 107, 26, 13);
insert into supply_flower_batch (id, supply_id, flower_id, count) values (159, 73, 39, 39);
insert into supply_flower_batch (id, supply_id, flower_id, count) values (160, 78, 17, 22);
insert into supply_flower_batch (id, supply_id, flower_id, count) values (161, 21, 25, 10);
insert into supply_flower_batch (id, supply_id, flower_id, count) values (162, 101, 35, 48);
insert into supply_flower_batch (id, supply_id, flower_id, count) values (163, 122, 21, 20);
insert into supply_flower_batch (id, supply_id, flower_id, count) values (164, 113, 37, 47);
insert into supply_flower_batch (id, supply_id, flower_id, count) values (165, 129, 8, 48);
insert into supply_flower_batch (id, supply_id, flower_id, count) values (166, 40, 4, 15);
insert into supply_flower_batch (id, supply_id, flower_id, count) values (167, 50, 11, 42);
insert into supply_flower_batch (id, supply_id, flower_id, count) values (168, 107, 30, 17);
insert into supply_flower_batch (id, supply_id, flower_id, count) values (169, 72, 26, 28);
insert into supply_flower_batch (id, supply_id, flower_id, count) values (170, 101, 3, 48);
insert into supply_flower_batch (id, supply_id, flower_id, count) values (171, 24, 9, 24);
insert into supply_flower_batch (id, supply_id, flower_id, count) values (172, 9, 8, 47);
insert into supply_flower_batch (id, supply_id, flower_id, count) values (173, 41, 11, 39);
insert into supply_flower_batch (id, supply_id, flower_id, count) values (174, 25, 22, 46);
insert into supply_flower_batch (id, supply_id, flower_id, count) values (175, 120, 23, 31);
insert into supply_flower_batch (id, supply_id, flower_id, count) values (176, 46, 16, 43);
insert into supply_flower_batch (id, supply_id, flower_id, count) values (177, 146, 37, 50);
insert into supply_flower_batch (id, supply_id, flower_id, count) values (178, 4, 20, 29);
insert into supply_flower_batch (id, supply_id, flower_id, count) values (179, 138, 3, 37);
insert into supply_flower_batch (id, supply_id, flower_id, count) values (180, 82, 33, 19);
insert into supply_flower_batch (id, supply_id, flower_id, count) values (181, 33, 32, 27);
insert into supply_flower_batch (id, supply_id, flower_id, count) values (182, 81, 12, 29);
insert into supply_flower_batch (id, supply_id, flower_id, count) values (183, 43, 5, 13);
insert into supply_flower_batch (id, supply_id, flower_id, count) values (184, 121, 24, 23);
insert into supply_flower_batch (id, supply_id, flower_id, count) values (185, 119, 2, 23);
insert into supply_flower_batch (id, supply_id, flower_id, count) values (186, 68, 32, 49);
insert into supply_flower_batch (id, supply_id, flower_id, count) values (187, 124, 10, 16);
insert into supply_flower_batch (id, supply_id, flower_id, count) values (188, 143, 35, 44);
insert into supply_flower_batch (id, supply_id, flower_id, count) values (189, 98, 14, 10);
insert into supply_flower_batch (id, supply_id, flower_id, count) values (190, 94, 22, 13);
insert into supply_flower_batch (id, supply_id, flower_id, count) values (191, 95, 15, 48);
insert into supply_flower_batch (id, supply_id, flower_id, count) values (192, 116, 34, 27);
insert into supply_flower_batch (id, supply_id, flower_id, count) values (193, 115, 1, 36);
insert into supply_flower_batch (id, supply_id, flower_id, count) values (194, 128, 37, 27);
insert into supply_flower_batch (id, supply_id, flower_id, count) values (195, 99, 10, 13);
insert into supply_flower_batch (id, supply_id, flower_id, count) values (196, 84, 16, 37);
insert into supply_flower_batch (id, supply_id, flower_id, count) values (197, 104, 31, 28);
insert into supply_flower_batch (id, supply_id, flower_id, count) values (198, 4, 7, 21);
insert into supply_flower_batch (id, supply_id, flower_id, count) values (199, 144, 24, 43);
insert into supply_flower_batch (id, supply_id, flower_id, count) values (200, 118, 14, 36);
insert into supply_flower_batch (id, supply_id, flower_id, count) values (201, 13, 32, 30);
insert into supply_flower_batch (id, supply_id, flower_id, count) values (202, 50, 31, 18);
insert into supply_flower_batch (id, supply_id, flower_id, count) values (203, 148, 29, 27);
insert into supply_flower_batch (id, supply_id, flower_id, count) values (204, 118, 39, 34);
insert into supply_flower_batch (id, supply_id, flower_id, count) values (205, 13, 10, 44);
insert into supply_flower_batch (id, supply_id, flower_id, count) values (206, 95, 37, 41);
insert into supply_flower_batch (id, supply_id, flower_id, count) values (207, 127, 34, 36);
insert into supply_flower_batch (id, supply_id, flower_id, count) values (208, 117, 27, 41);
insert into supply_flower_batch (id, supply_id, flower_id, count) values (209, 11, 28, 41);
insert into supply_flower_batch (id, supply_id, flower_id, count) values (210, 35, 4, 49);
insert into supply_flower_batch (id, supply_id, flower_id, count) values (211, 53, 32, 11);
insert into supply_flower_batch (id, supply_id, flower_id, count) values (212, 118, 11, 18);
insert into supply_flower_batch (id, supply_id, flower_id, count) values (213, 96, 14, 30);
insert into supply_flower_batch (id, supply_id, flower_id, count) values (214, 24, 5, 25);
insert into supply_flower_batch (id, supply_id, flower_id, count) values (215, 14, 6, 17);
insert into supply_flower_batch (id, supply_id, flower_id, count) values (216, 43, 5, 12);
insert into supply_flower_batch (id, supply_id, flower_id, count) values (217, 15, 6, 21);
insert into supply_flower_batch (id, supply_id, flower_id, count) values (218, 54, 2, 23);
insert into supply_flower_batch (id, supply_id, flower_id, count) values (219, 115, 21, 28);
insert into supply_flower_batch (id, supply_id, flower_id, count) values (220, 50, 5, 49);
insert into supply_flower_batch (id, supply_id, flower_id, count) values (221, 125, 40, 31);
insert into supply_flower_batch (id, supply_id, flower_id, count) values (222, 50, 27, 24);
insert into supply_flower_batch (id, supply_id, flower_id, count) values (223, 52, 36, 19);
insert into supply_flower_batch (id, supply_id, flower_id, count) values (224, 71, 11, 22);
insert into supply_flower_batch (id, supply_id, flower_id, count) values (225, 110, 11, 28);
insert into supply_flower_batch (id, supply_id, flower_id, count) values (226, 85, 12, 18);
insert into supply_flower_batch (id, supply_id, flower_id, count) values (227, 23, 29, 45);
insert into supply_flower_batch (id, supply_id, flower_id, count) values (228, 57, 29, 38);
insert into supply_flower_batch (id, supply_id, flower_id, count) values (229, 67, 23, 18);
insert into supply_flower_batch (id, supply_id, flower_id, count) values (230, 22, 39, 46);
insert into supply_flower_batch (id, supply_id, flower_id, count) values (231, 54, 20, 35);
insert into supply_flower_batch (id, supply_id, flower_id, count) values (232, 97, 26, 48);
insert into supply_flower_batch (id, supply_id, flower_id, count) values (233, 59, 21, 44);
insert into supply_flower_batch (id, supply_id, flower_id, count) values (234, 22, 7, 14);
insert into supply_flower_batch (id, supply_id, flower_id, count) values (235, 26, 17, 20);
insert into supply_flower_batch (id, supply_id, flower_id, count) values (236, 20, 11, 29);
insert into supply_flower_batch (id, supply_id, flower_id, count) values (237, 107, 5, 49);
insert into supply_flower_batch (id, supply_id, flower_id, count) values (238, 81, 26, 30);
insert into supply_flower_batch (id, supply_id, flower_id, count) values (239, 125, 39, 44);
insert into supply_flower_batch (id, supply_id, flower_id, count) values (240, 42, 3, 20);
insert into supply_flower_batch (id, supply_id, flower_id, count) values (241, 99, 28, 42);
insert into supply_flower_batch (id, supply_id, flower_id, count) values (242, 73, 33, 22);
insert into supply_flower_batch (id, supply_id, flower_id, count) values (243, 12, 4, 11);
insert into supply_flower_batch (id, supply_id, flower_id, count) values (244, 13, 35, 15);
insert into supply_flower_batch (id, supply_id, flower_id, count) values (245, 39, 6, 17);
insert into supply_flower_batch (id, supply_id, flower_id, count) values (246, 85, 2, 32);
insert into supply_flower_batch (id, supply_id, flower_id, count) values (247, 67, 1, 46);
insert into supply_flower_batch (id, supply_id, flower_id, count) values (248, 112, 5, 14);
insert into supply_flower_batch (id, supply_id, flower_id, count) values (249, 106, 8, 18);
insert into supply_flower_batch (id, supply_id, flower_id, count) values (250, 25, 2, 41);
insert into supply_flower_batch (id, supply_id, flower_id, count) values (251, 34, 8, 20);
insert into supply_flower_batch (id, supply_id, flower_id, count) values (252, 130, 26, 11);
insert into supply_flower_batch (id, supply_id, flower_id, count) values (253, 59, 38, 46);
insert into supply_flower_batch (id, supply_id, flower_id, count) values (254, 119, 20, 48);
insert into supply_flower_batch (id, supply_id, flower_id, count) values (255, 13, 15, 28);
insert into supply_flower_batch (id, supply_id, flower_id, count) values (256, 95, 39, 14);
insert into supply_flower_batch (id, supply_id, flower_id, count) values (257, 85, 31, 38);
insert into supply_flower_batch (id, supply_id, flower_id, count) values (258, 110, 7, 28);
insert into supply_flower_batch (id, supply_id, flower_id, count) values (259, 81, 22, 45);
insert into supply_flower_batch (id, supply_id, flower_id, count) values (260, 98, 28, 28);
insert into supply_flower_batch (id, supply_id, flower_id, count) values (261, 11, 10, 33);
insert into supply_flower_batch (id, supply_id, flower_id, count) values (262, 83, 31, 17);
insert into supply_flower_batch (id, supply_id, flower_id, count) values (263, 94, 29, 33);
insert into supply_flower_batch (id, supply_id, flower_id, count) values (264, 94, 12, 33);
insert into supply_flower_batch (id, supply_id, flower_id, count) values (265, 60, 20, 26);
insert into supply_flower_batch (id, supply_id, flower_id, count) values (266, 82, 5, 46);
insert into supply_flower_batch (id, supply_id, flower_id, count) values (267, 97, 25, 33);
insert into supply_flower_batch (id, supply_id, flower_id, count) values (268, 123, 15, 15);
insert into supply_flower_batch (id, supply_id, flower_id, count) values (269, 86, 15, 30);
insert into supply_flower_batch (id, supply_id, flower_id, count) values (270, 55, 6, 23);
insert into supply_flower_batch (id, supply_id, flower_id, count) values (271, 121, 18, 39);
insert into supply_flower_batch (id, supply_id, flower_id, count) values (272, 6, 39, 33);
insert into supply_flower_batch (id, supply_id, flower_id, count) values (273, 1, 1, 18);
insert into supply_flower_batch (id, supply_id, flower_id, count) values (274, 20, 10, 30);
insert into supply_flower_batch (id, supply_id, flower_id, count) values (275, 89, 10, 27);
insert into supply_flower_batch (id, supply_id, flower_id, count) values (276, 37, 24, 31);
insert into supply_flower_batch (id, supply_id, flower_id, count) values (277, 17, 40, 33);
insert into supply_flower_batch (id, supply_id, flower_id, count) values (278, 125, 6, 41);
insert into supply_flower_batch (id, supply_id, flower_id, count) values (279, 112, 21, 25);
insert into supply_flower_batch (id, supply_id, flower_id, count) values (280, 31, 21, 42);
insert into supply_flower_batch (id, supply_id, flower_id, count) values (281, 19, 18, 45);
insert into supply_flower_batch (id, supply_id, flower_id, count) values (282, 87, 23, 44);
insert into supply_flower_batch (id, supply_id, flower_id, count) values (283, 131, 15, 40);
insert into supply_flower_batch (id, supply_id, flower_id, count) values (284, 120, 17, 31);
insert into supply_flower_batch (id, supply_id, flower_id, count) values (285, 67, 3, 13);
insert into supply_flower_batch (id, supply_id, flower_id, count) values (286, 25, 13, 12);
insert into supply_flower_batch (id, supply_id, flower_id, count) values (287, 107, 11, 14);
insert into supply_flower_batch (id, supply_id, flower_id, count) values (288, 124, 40, 38);
insert into supply_flower_batch (id, supply_id, flower_id, count) values (289, 17, 31, 37);
insert into supply_flower_batch (id, supply_id, flower_id, count) values (290, 144, 11, 23);
insert into supply_flower_batch (id, supply_id, flower_id, count) values (291, 121, 22, 43);
insert into supply_flower_batch (id, supply_id, flower_id, count) values (292, 135, 4, 15);
insert into supply_flower_batch (id, supply_id, flower_id, count) values (293, 117, 3, 49);
insert into supply_flower_batch (id, supply_id, flower_id, count) values (294, 50, 38, 39);
insert into supply_flower_batch (id, supply_id, flower_id, count) values (295, 48, 30, 23);
insert into supply_flower_batch (id, supply_id, flower_id, count) values (296, 5, 39, 12);
insert into supply_flower_batch (id, supply_id, flower_id, count) values (297, 69, 33, 33);
insert into supply_flower_batch (id, supply_id, flower_id, count) values (298, 102, 9, 14);
insert into supply_flower_batch (id, supply_id, flower_id, count) values (299, 101, 17, 41);
insert into supply_flower_batch (id, supply_id, flower_id, count) values (300, 115, 18, 48);


insert into supply_accessory_batch (id, supply_id, accessory_id, count) values (1, 27, 5, 12);
insert into supply_accessory_batch (id, supply_id, accessory_id, count) values (2, 35, 2, 50);
insert into supply_accessory_batch (id, supply_id, accessory_id, count) values (3, 79, 3, 42);
insert into supply_accessory_batch (id, supply_id, accessory_id, count) values (4, 27, 5, 21);
insert into supply_accessory_batch (id, supply_id, accessory_id, count) values (5, 59, 7, 33);
insert into supply_accessory_batch (id, supply_id, accessory_id, count) values (6, 78, 6, 28);
insert into supply_accessory_batch (id, supply_id, accessory_id, count) values (7, 99, 9, 29);
insert into supply_accessory_batch (id, supply_id, accessory_id, count) values (8, 61, 4, 33);
insert into supply_accessory_batch (id, supply_id, accessory_id, count) values (9, 39, 3, 48);
insert into supply_accessory_batch (id, supply_id, accessory_id, count) values (10, 100, 4, 45);
insert into supply_accessory_batch (id, supply_id, accessory_id, count) values (11, 7, 7, 49);
insert into supply_accessory_batch (id, supply_id, accessory_id, count) values (12, 122, 6, 43);
insert into supply_accessory_batch (id, supply_id, accessory_id, count) values (13, 51, 2, 48);
insert into supply_accessory_batch (id, supply_id, accessory_id, count) values (14, 4, 8, 27);
insert into supply_accessory_batch (id, supply_id, accessory_id, count) values (15, 15, 6, 33);
insert into supply_accessory_batch (id, supply_id, accessory_id, count) values (16, 113, 1, 13);
insert into supply_accessory_batch (id, supply_id, accessory_id, count) values (17, 94, 4, 31);
insert into supply_accessory_batch (id, supply_id, accessory_id, count) values (18, 68, 1, 18);
insert into supply_accessory_batch (id, supply_id, accessory_id, count) values (19, 87, 4, 11);
insert into supply_accessory_batch (id, supply_id, accessory_id, count) values (20, 130, 2, 21);
insert into supply_accessory_batch (id, supply_id, accessory_id, count) values (21, 53, 6, 31);
insert into supply_accessory_batch (id, supply_id, accessory_id, count) values (22, 142, 2, 18);
insert into supply_accessory_batch (id, supply_id, accessory_id, count) values (23, 44, 2, 31);
insert into supply_accessory_batch (id, supply_id, accessory_id, count) values (24, 11, 3, 34);
insert into supply_accessory_batch (id, supply_id, accessory_id, count) values (25, 114, 1, 48);


insert into supply_accessory_batch (id, supply_id, accessory_id, count) values (26, 29, 1, 20);
insert into supply_accessory_batch (id, supply_id, accessory_id, count) values (27, 86, 6, 48);
insert into supply_accessory_batch (id, supply_id, accessory_id, count) values (28, 118, 9, 36);
insert into supply_accessory_batch (id, supply_id, accessory_id, count) values (29, 46, 6, 20);
insert into supply_accessory_batch (id, supply_id, accessory_id, count) values (30, 10, 8, 43);
insert into supply_accessory_batch (id, supply_id, accessory_id, count) values (31, 28, 1, 14);
insert into supply_accessory_batch (id, supply_id, accessory_id, count) values (32, 87, 8, 39);
insert into supply_accessory_batch (id, supply_id, accessory_id, count) values (33, 81, 5, 13);
insert into supply_accessory_batch (id, supply_id, accessory_id, count) values (34, 150, 1, 45);
insert into supply_accessory_batch (id, supply_id, accessory_id, count) values (35, 119, 9, 31);
insert into supply_accessory_batch (id, supply_id, accessory_id, count) values (36, 134, 2, 46);
insert into supply_accessory_batch (id, supply_id, accessory_id, count) values (37, 23, 5, 39);
insert into supply_accessory_batch (id, supply_id, accessory_id, count) values (38, 115, 6, 50);
insert into supply_accessory_batch (id, supply_id, accessory_id, count) values (39, 105, 2, 39);
insert into supply_accessory_batch (id, supply_id, accessory_id, count) values (40, 148, 6, 28);
insert into supply_accessory_batch (id, supply_id, accessory_id, count) values (41, 16, 6, 47);
insert into supply_accessory_batch (id, supply_id, accessory_id, count) values (42, 101, 6, 27);
insert into supply_accessory_batch (id, supply_id, accessory_id, count) values (43, 129, 6, 32);
insert into supply_accessory_batch (id, supply_id, accessory_id, count) values (44, 43, 2, 30);
insert into supply_accessory_batch (id, supply_id, accessory_id, count) values (45, 73, 9, 32);
insert into supply_accessory_batch (id, supply_id, accessory_id, count) values (46, 75, 9, 24);
insert into supply_accessory_batch (id, supply_id, accessory_id, count) values (47, 36, 1, 40);
insert into supply_accessory_batch (id, supply_id, accessory_id, count) values (48, 121, 4, 17);
insert into supply_accessory_batch (id, supply_id, accessory_id, count) values (49, 99, 2, 46);
insert into supply_accessory_batch (id, supply_id, accessory_id, count) values (50, 108, 6, 26);


insert into bouquet_templates (id, title, price, purchase_count, active) values (1, 'Искренняя улыбка', 926, 8, true);
insert into bouquet_templates (id, title, price, purchase_count, active) values (2, 'Иноземка', 582, 13, true);
insert into bouquet_templates (id, title, price, purchase_count, active) values (3, 'Чарующая незнакомка', 519, 29, false);
insert into bouquet_templates (id, title, price, purchase_count, active) values (4, 'Чарующая незнакомка', 751, 26, false);
insert into bouquet_templates (id, title, price, purchase_count, active) values (5, 'Белые росы', 857, 15, true);
insert into bouquet_templates (id, title, price, purchase_count, active) values (6, 'Возвышенная любовь', 793, 18, true);
insert into bouquet_templates (id, title, price, purchase_count, active) values (7, 'Узор волны', 754, 20, false);
insert into bouquet_templates (id, title, price, purchase_count, active) values (8, 'Сердечная благодарность', 732, 29, false);
insert into bouquet_templates (id, title, price, purchase_count, active) values (9, 'Серебристый звон', 682, 11, true);
insert into bouquet_templates (id, title, price, purchase_count, active) values (10, 'Сердечная благодарность', 796, 6, true);
insert into bouquet_templates (id, title, price, purchase_count, active) values (11, 'Весеннее чувство', 926, 24, true);
insert into bouquet_templates (id, title, price, purchase_count, active) values (12, 'Дитя снега', 709, 10, true);
insert into bouquet_templates (id, title, price, purchase_count, active) values (13, 'Первый иней', 863, 19, false);
insert into bouquet_templates (id, title, price, purchase_count, active) values (14, 'Неукротимая энергия', 762, 6, true);
insert into bouquet_templates (id, title, price, purchase_count, active) values (15, 'Земной плод', 592, 5, false);
insert into bouquet_templates (id, title, price, purchase_count, active) values (16, 'Зимнее серебро', 535, 0, true);
insert into bouquet_templates (id, title, price, purchase_count, active) values (17, 'Долгожданное счастье', 907, 29, true);
insert into bouquet_templates (id, title, price, purchase_count, active) values (18, 'Три желания', 702, 29, true);
insert into bouquet_templates (id, title, price, purchase_count, active) values (19, 'Жемчужина красоты', 635, 10, true);
insert into bouquet_templates (id, title, price, purchase_count, active) values (20, 'Весеннее чувство', 519, 0, true);
insert into bouquet_templates (id, title, price, purchase_count, active) values (21, 'Сладостная музыка', 533, 18, true);
insert into bouquet_templates (id, title, price, purchase_count, active) values (22, 'Чистая лазурь', 579, 18, false);
insert into bouquet_templates (id, title, price, purchase_count, active) values (23, 'Пленительный аромат', 718, 4, true);
insert into bouquet_templates (id, title, price, purchase_count, active) values (24, 'Иноземка', 920, 6, false);
insert into bouquet_templates (id, title, price, purchase_count, active) values (25, 'Ослепительная женщина', 739, 26, false);
insert into bouquet_templates (id, title, price, purchase_count, active) values (26, 'Первый иней', 813, 29, true);
insert into bouquet_templates (id, title, price, purchase_count, active) values (27, 'Красота любви', 707, 12, false);
insert into bouquet_templates (id, title, price, purchase_count, active) values (28, 'Заветная мечта', 837, 5, true);
insert into bouquet_templates (id, title, price, purchase_count, active) values (29, 'Бамбуковый принц', 900, 12, false);
insert into bouquet_templates (id, title, price, purchase_count, active) values (30, 'Цветущий луг', 736, 12, false);


insert into flowers_in_bouquet_template (id, bouquet_template_id, flower_id) values (1, 9, 39);
insert into flowers_in_bouquet_template (id, bouquet_template_id, flower_id) values (2, 4, 3);
insert into flowers_in_bouquet_template (id, bouquet_template_id, flower_id) values (3, 22, 35);
insert into flowers_in_bouquet_template (id, bouquet_template_id, flower_id) values (4, 4, 21);
insert into flowers_in_bouquet_template (id, bouquet_template_id, flower_id) values (5, 21, 6);
insert into flowers_in_bouquet_template (id, bouquet_template_id, flower_id) values (6, 2, 22);
insert into flowers_in_bouquet_template (id, bouquet_template_id, flower_id) values (7, 24, 24);
insert into flowers_in_bouquet_template (id, bouquet_template_id, flower_id) values (8, 10, 32);
insert into flowers_in_bouquet_template (id, bouquet_template_id, flower_id) values (9, 25, 21);
insert into flowers_in_bouquet_template (id, bouquet_template_id, flower_id) values (10, 15, 26);
insert into flowers_in_bouquet_template (id, bouquet_template_id, flower_id) values (11, 6, 24);
insert into flowers_in_bouquet_template (id, bouquet_template_id, flower_id) values (12, 3, 33);
insert into flowers_in_bouquet_template (id, bouquet_template_id, flower_id) values (13, 7, 13);
insert into flowers_in_bouquet_template (id, bouquet_template_id, flower_id) values (14, 27, 12);
insert into flowers_in_bouquet_template (id, bouquet_template_id, flower_id) values (15, 5, 40);
insert into flowers_in_bouquet_template (id, bouquet_template_id, flower_id) values (16, 5, 7);
insert into flowers_in_bouquet_template (id, bouquet_template_id, flower_id) values (17, 2, 16);
insert into flowers_in_bouquet_template (id, bouquet_template_id, flower_id) values (18, 3, 5);
insert into flowers_in_bouquet_template (id, bouquet_template_id, flower_id) values (19, 17, 25);
insert into flowers_in_bouquet_template (id, bouquet_template_id, flower_id) values (20, 19, 31);
insert into flowers_in_bouquet_template (id, bouquet_template_id, flower_id) values (21, 2, 26);
insert into flowers_in_bouquet_template (id, bouquet_template_id, flower_id) values (22, 11, 38);
insert into flowers_in_bouquet_template (id, bouquet_template_id, flower_id) values (23, 28, 36);
insert into flowers_in_bouquet_template (id, bouquet_template_id, flower_id) values (24, 9, 13);
insert into flowers_in_bouquet_template (id, bouquet_template_id, flower_id) values (25, 20, 5);
insert into flowers_in_bouquet_template (id, bouquet_template_id, flower_id) values (26, 8, 25);
insert into flowers_in_bouquet_template (id, bouquet_template_id, flower_id) values (27, 18, 26);
insert into flowers_in_bouquet_template (id, bouquet_template_id, flower_id) values (28, 16, 14);
insert into flowers_in_bouquet_template (id, bouquet_template_id, flower_id) values (29, 1, 14);
insert into flowers_in_bouquet_template (id, bouquet_template_id, flower_id) values (30, 19, 30);
insert into flowers_in_bouquet_template (id, bouquet_template_id, flower_id) values (31, 17, 34);
insert into flowers_in_bouquet_template (id, bouquet_template_id, flower_id) values (32, 25, 22);
insert into flowers_in_bouquet_template (id, bouquet_template_id, flower_id) values (33, 1, 40);
insert into flowers_in_bouquet_template (id, bouquet_template_id, flower_id) values (34, 15, 21);
insert into flowers_in_bouquet_template (id, bouquet_template_id, flower_id) values (35, 14, 17);
insert into flowers_in_bouquet_template (id, bouquet_template_id, flower_id) values (36, 24, 39);
insert into flowers_in_bouquet_template (id, bouquet_template_id, flower_id) values (37, 16, 40);
insert into flowers_in_bouquet_template (id, bouquet_template_id, flower_id) values (38, 8, 33);
insert into flowers_in_bouquet_template (id, bouquet_template_id, flower_id) values (39, 21, 4);
insert into flowers_in_bouquet_template (id, bouquet_template_id, flower_id) values (40, 1, 5);
insert into flowers_in_bouquet_template (id, bouquet_template_id, flower_id) values (41, 17, 40);
insert into flowers_in_bouquet_template (id, bouquet_template_id, flower_id) values (42, 30, 37);
insert into flowers_in_bouquet_template (id, bouquet_template_id, flower_id) values (43, 20, 13);
insert into flowers_in_bouquet_template (id, bouquet_template_id, flower_id) values (44, 6, 10);
insert into flowers_in_bouquet_template (id, bouquet_template_id, flower_id) values (45, 22, 14);
insert into flowers_in_bouquet_template (id, bouquet_template_id, flower_id) values (46, 11, 18);
insert into flowers_in_bouquet_template (id, bouquet_template_id, flower_id) values (47, 25, 40);
insert into flowers_in_bouquet_template (id, bouquet_template_id, flower_id) values (48, 22, 25);
insert into flowers_in_bouquet_template (id, bouquet_template_id, flower_id) values (49, 3, 39);
insert into flowers_in_bouquet_template (id, bouquet_template_id, flower_id) values (50, 23, 19);
insert into flowers_in_bouquet_template (id, bouquet_template_id, flower_id) values (51, 10, 35);
insert into flowers_in_bouquet_template (id, bouquet_template_id, flower_id) values (52, 11, 3);
insert into flowers_in_bouquet_template (id, bouquet_template_id, flower_id) values (53, 14, 2);
insert into flowers_in_bouquet_template (id, bouquet_template_id, flower_id) values (54, 7, 11);
insert into flowers_in_bouquet_template (id, bouquet_template_id, flower_id) values (55, 16, 34);
insert into flowers_in_bouquet_template (id, bouquet_template_id, flower_id) values (56, 20, 1);
insert into flowers_in_bouquet_template (id, bouquet_template_id, flower_id) values (57, 3, 22);
insert into flowers_in_bouquet_template (id, bouquet_template_id, flower_id) values (58, 21, 19);
insert into flowers_in_bouquet_template (id, bouquet_template_id, flower_id) values (59, 22, 2);
insert into flowers_in_bouquet_template (id, bouquet_template_id, flower_id) values (60, 29, 3);
insert into flowers_in_bouquet_template (id, bouquet_template_id, flower_id) values (61, 14, 18);
insert into flowers_in_bouquet_template (id, bouquet_template_id, flower_id) values (62, 18, 11);
insert into flowers_in_bouquet_template (id, bouquet_template_id, flower_id) values (63, 17, 22);
insert into flowers_in_bouquet_template (id, bouquet_template_id, flower_id) values (64, 27, 6);
insert into flowers_in_bouquet_template (id, bouquet_template_id, flower_id) values (65, 7, 5);
insert into flowers_in_bouquet_template (id, bouquet_template_id, flower_id) values (66, 19, 12);
insert into flowers_in_bouquet_template (id, bouquet_template_id, flower_id) values (67, 16, 15);
insert into flowers_in_bouquet_template (id, bouquet_template_id, flower_id) values (68, 9, 9);
insert into flowers_in_bouquet_template (id, bouquet_template_id, flower_id) values (69, 17, 20);
insert into flowers_in_bouquet_template (id, bouquet_template_id, flower_id) values (70, 1, 8);
insert into flowers_in_bouquet_template (id, bouquet_template_id, flower_id) values (71, 8, 17);
insert into flowers_in_bouquet_template (id, bouquet_template_id, flower_id) values (72, 23, 18);
insert into flowers_in_bouquet_template (id, bouquet_template_id, flower_id) values (73, 8, 26);
insert into flowers_in_bouquet_template (id, bouquet_template_id, flower_id) values (74, 23, 24);
insert into flowers_in_bouquet_template (id, bouquet_template_id, flower_id) values (75, 23, 16);
insert into flowers_in_bouquet_template (id, bouquet_template_id, flower_id) values (76, 9, 14);
insert into flowers_in_bouquet_template (id, bouquet_template_id, flower_id) values (77, 4, 20);
insert into flowers_in_bouquet_template (id, bouquet_template_id, flower_id) values (78, 26, 5);
insert into flowers_in_bouquet_template (id, bouquet_template_id, flower_id) values (79, 16, 34);
insert into flowers_in_bouquet_template (id, bouquet_template_id, flower_id) values (80, 2, 39);
insert into flowers_in_bouquet_template (id, bouquet_template_id, flower_id) values (81, 23, 35);
insert into flowers_in_bouquet_template (id, bouquet_template_id, flower_id) values (82, 15, 5);
insert into flowers_in_bouquet_template (id, bouquet_template_id, flower_id) values (83, 13, 2);
insert into flowers_in_bouquet_template (id, bouquet_template_id, flower_id) values (84, 7, 5);
insert into flowers_in_bouquet_template (id, bouquet_template_id, flower_id) values (85, 13, 39);
insert into flowers_in_bouquet_template (id, bouquet_template_id, flower_id) values (86, 5, 35);
insert into flowers_in_bouquet_template (id, bouquet_template_id, flower_id) values (87, 7, 5);
insert into flowers_in_bouquet_template (id, bouquet_template_id, flower_id) values (88, 19, 29);
insert into flowers_in_bouquet_template (id, bouquet_template_id, flower_id) values (89, 9, 34);
insert into flowers_in_bouquet_template (id, bouquet_template_id, flower_id) values (90, 18, 11);
insert into flowers_in_bouquet_template (id, bouquet_template_id, flower_id) values (91, 25, 10);
insert into flowers_in_bouquet_template (id, bouquet_template_id, flower_id) values (92, 13, 25);
insert into flowers_in_bouquet_template (id, bouquet_template_id, flower_id) values (93, 12, 35);
insert into flowers_in_bouquet_template (id, bouquet_template_id, flower_id) values (94, 4, 21);
insert into flowers_in_bouquet_template (id, bouquet_template_id, flower_id) values (95, 5, 39);
insert into flowers_in_bouquet_template (id, bouquet_template_id, flower_id) values (96, 29, 12);
insert into flowers_in_bouquet_template (id, bouquet_template_id, flower_id) values (97, 27, 38);
insert into flowers_in_bouquet_template (id, bouquet_template_id, flower_id) values (98, 13, 9);
insert into flowers_in_bouquet_template (id, bouquet_template_id, flower_id) values (99, 4, 19);
insert into flowers_in_bouquet_template (id, bouquet_template_id, flower_id) values (100, 18, 32);
insert into flowers_in_bouquet_template (id, bouquet_template_id, flower_id) values (101, 23, 24);
insert into flowers_in_bouquet_template (id, bouquet_template_id, flower_id) values (102, 28, 6);
insert into flowers_in_bouquet_template (id, bouquet_template_id, flower_id) values (103, 18, 36);
insert into flowers_in_bouquet_template (id, bouquet_template_id, flower_id) values (104, 25, 20);
insert into flowers_in_bouquet_template (id, bouquet_template_id, flower_id) values (105, 28, 28);
insert into flowers_in_bouquet_template (id, bouquet_template_id, flower_id) values (106, 22, 31);
insert into flowers_in_bouquet_template (id, bouquet_template_id, flower_id) values (107, 7, 27);
insert into flowers_in_bouquet_template (id, bouquet_template_id, flower_id) values (108, 13, 18);
insert into flowers_in_bouquet_template (id, bouquet_template_id, flower_id) values (109, 26, 31);
insert into flowers_in_bouquet_template (id, bouquet_template_id, flower_id) values (110, 16, 10);
insert into flowers_in_bouquet_template (id, bouquet_template_id, flower_id) values (111, 16, 15);
insert into flowers_in_bouquet_template (id, bouquet_template_id, flower_id) values (112, 12, 18);
insert into flowers_in_bouquet_template (id, bouquet_template_id, flower_id) values (113, 1, 31);
insert into flowers_in_bouquet_template (id, bouquet_template_id, flower_id) values (114, 5, 32);
insert into flowers_in_bouquet_template (id, bouquet_template_id, flower_id) values (115, 30, 21);
insert into flowers_in_bouquet_template (id, bouquet_template_id, flower_id) values (116, 11, 34);
insert into flowers_in_bouquet_template (id, bouquet_template_id, flower_id) values (117, 22, 11);
insert into flowers_in_bouquet_template (id, bouquet_template_id, flower_id) values (118, 26, 13);
insert into flowers_in_bouquet_template (id, bouquet_template_id, flower_id) values (119, 7, 4);
insert into flowers_in_bouquet_template (id, bouquet_template_id, flower_id) values (120, 11, 25);
insert into flowers_in_bouquet_template (id, bouquet_template_id, flower_id) values (121, 17, 29);
insert into flowers_in_bouquet_template (id, bouquet_template_id, flower_id) values (122, 6, 6);
insert into flowers_in_bouquet_template (id, bouquet_template_id, flower_id) values (123, 26, 25);
insert into flowers_in_bouquet_template (id, bouquet_template_id, flower_id) values (124, 10, 12);
insert into flowers_in_bouquet_template (id, bouquet_template_id, flower_id) values (125, 10, 18);
insert into flowers_in_bouquet_template (id, bouquet_template_id, flower_id) values (126, 6, 32);
insert into flowers_in_bouquet_template (id, bouquet_template_id, flower_id) values (127, 11, 27);
insert into flowers_in_bouquet_template (id, bouquet_template_id, flower_id) values (128, 16, 22);
insert into flowers_in_bouquet_template (id, bouquet_template_id, flower_id) values (129, 7, 13);
insert into flowers_in_bouquet_template (id, bouquet_template_id, flower_id) values (130, 17, 8);
insert into flowers_in_bouquet_template (id, bouquet_template_id, flower_id) values (131, 3, 12);
insert into flowers_in_bouquet_template (id, bouquet_template_id, flower_id) values (132, 28, 40);
insert into flowers_in_bouquet_template (id, bouquet_template_id, flower_id) values (133, 28, 14);
insert into flowers_in_bouquet_template (id, bouquet_template_id, flower_id) values (134, 9, 19);
insert into flowers_in_bouquet_template (id, bouquet_template_id, flower_id) values (135, 30, 23);
insert into flowers_in_bouquet_template (id, bouquet_template_id, flower_id) values (136, 16, 9);
insert into flowers_in_bouquet_template (id, bouquet_template_id, flower_id) values (137, 25, 4);
insert into flowers_in_bouquet_template (id, bouquet_template_id, flower_id) values (138, 2, 12);
insert into flowers_in_bouquet_template (id, bouquet_template_id, flower_id) values (139, 6, 34);
insert into flowers_in_bouquet_template (id, bouquet_template_id, flower_id) values (140, 5, 20);
insert into flowers_in_bouquet_template (id, bouquet_template_id, flower_id) values (141, 14, 4);
insert into flowers_in_bouquet_template (id, bouquet_template_id, flower_id) values (142, 21, 5);
insert into flowers_in_bouquet_template (id, bouquet_template_id, flower_id) values (143, 15, 20);
insert into flowers_in_bouquet_template (id, bouquet_template_id, flower_id) values (144, 11, 37);
insert into flowers_in_bouquet_template (id, bouquet_template_id, flower_id) values (145, 1, 33);
insert into flowers_in_bouquet_template (id, bouquet_template_id, flower_id) values (146, 15, 7);
insert into flowers_in_bouquet_template (id, bouquet_template_id, flower_id) values (147, 11, 33);
insert into flowers_in_bouquet_template (id, bouquet_template_id, flower_id) values (148, 18, 40);
insert into flowers_in_bouquet_template (id, bouquet_template_id, flower_id) values (149, 6, 15);
insert into flowers_in_bouquet_template (id, bouquet_template_id, flower_id) values (150, 10, 33);


insert into accessories_in_bouquet_template (id, bouquet_template_id, accessory_id) values (1, 3, 8);
insert into accessories_in_bouquet_template (id, bouquet_template_id, accessory_id) values (2, 9, 4);
insert into accessories_in_bouquet_template (id, bouquet_template_id, accessory_id) values (3, 13, 7);
insert into accessories_in_bouquet_template (id, bouquet_template_id, accessory_id) values (4, 11, 5);
insert into accessories_in_bouquet_template (id, bouquet_template_id, accessory_id) values (5, 19, 8);
insert into accessories_in_bouquet_template (id, bouquet_template_id, accessory_id) values (6, 30, 9);
insert into accessories_in_bouquet_template (id, bouquet_template_id, accessory_id) values (7, 4, 4);
insert into accessories_in_bouquet_template (id, bouquet_template_id, accessory_id) values (8, 23, 6);
insert into accessories_in_bouquet_template (id, bouquet_template_id, accessory_id) values (9, 22, 4);
insert into accessories_in_bouquet_template (id, bouquet_template_id, accessory_id) values (10, 14, 8);
insert into accessories_in_bouquet_template (id, bouquet_template_id, accessory_id) values (11, 28, 5);
insert into accessories_in_bouquet_template (id, bouquet_template_id, accessory_id) values (12, 1, 6);
insert into accessories_in_bouquet_template (id, bouquet_template_id, accessory_id) values (13, 7, 5);
insert into accessories_in_bouquet_template (id, bouquet_template_id, accessory_id) values (14, 21, 6);
insert into accessories_in_bouquet_template (id, bouquet_template_id, accessory_id) values (15, 25, 8);
insert into accessories_in_bouquet_template (id, bouquet_template_id, accessory_id) values (16, 20, 6);
insert into accessories_in_bouquet_template (id, bouquet_template_id, accessory_id) values (17, 9, 9);
insert into accessories_in_bouquet_template (id, bouquet_template_id, accessory_id) values (18, 5, 7);
insert into accessories_in_bouquet_template (id, bouquet_template_id, accessory_id) values (19, 1, 3);
insert into accessories_in_bouquet_template (id, bouquet_template_id, accessory_id) values (20, 6, 1);
insert into accessories_in_bouquet_template (id, bouquet_template_id, accessory_id) values (21, 19, 2);
insert into accessories_in_bouquet_template (id, bouquet_template_id, accessory_id) values (22, 20, 3);
insert into accessories_in_bouquet_template (id, bouquet_template_id, accessory_id) values (23, 7, 7);
insert into accessories_in_bouquet_template (id, bouquet_template_id, accessory_id) values (24, 20, 7);
insert into accessories_in_bouquet_template (id, bouquet_template_id, accessory_id) values (25, 9, 6);
insert into accessories_in_bouquet_template (id, bouquet_template_id, accessory_id) values (26, 12, 8);
insert into accessories_in_bouquet_template (id, bouquet_template_id, accessory_id) values (27, 4, 3);
insert into accessories_in_bouquet_template (id, bouquet_template_id, accessory_id) values (28, 19, 2);
insert into accessories_in_bouquet_template (id, bouquet_template_id, accessory_id) values (29, 12, 4);
insert into accessories_in_bouquet_template (id, bouquet_template_id, accessory_id) values (30, 13, 5);



insert into clients (id, firstname, lastname, patronymic, email, gender_id) values (1, 'Вилен', 'Трофимов', 'Всеволодович', 'estraker0@prlog.org', 1);
insert into clients (id, firstname, lastname, patronymic, email, gender_id) values (2, 'Адам', 'Агафонов', 'Емельянович', 'rstambridge1@cdc.gov', 1);
insert into clients (id, firstname, lastname, patronymic, email, gender_id) values (3, 'Воислав', 'Евсеев', 'Адамович', 'jjewell2@bbc.co.uk', 3);
insert into clients (id, firstname, lastname, patronymic, email, gender_id) values (4, 'Казимир', 'Данилов', 'Игнатович', 'wnoen3@pbs.org', 1);
insert into clients (id, firstname, lastname, patronymic, email, gender_id) values (5, 'Галактион', 'Гришин', 'Вадимович', 'ifriedlos4@addthis.com', 2);
insert into clients (id, firstname, lastname, patronymic, email, gender_id) values (6, 'Гелиан', 'Ермаков', 'Ерофеевич', 'wcolhoun5@mozilla.com', 3);
insert into clients (id, firstname, lastname, patronymic, email, gender_id) values (7, 'Дионисий', 'Иванков', 'Иоаннович', 'mcopland6@cnet.com', 3);
insert into clients (id, firstname, lastname, patronymic, email, gender_id) values (8, 'Аркадий', 'Фёдоров', 'Брониславович', 'dmartinolli7@princeton.edu', 3);
insert into clients (id, firstname, lastname, patronymic, email, gender_id) values (9, 'Юджин', 'Иванов', 'Данилович', 'mdallaway8@vinaora.com', 1);
insert into clients (id, firstname, lastname, patronymic, email, gender_id) values (10, 'Пантелеймон', 'Ильин', 'Игнатьевич', 'kkillen9@nature.com', 2);
insert into clients (id, firstname, lastname, patronymic, email, gender_id) values (11, 'Радий', 'Алексеев', 'Ильсурович', 'randovera@hubpages.com', 3);
insert into clients (id, firstname, lastname, patronymic, email, gender_id) values (12, 'Владислав', 'Максимов', 'Ильич', 'poseltonb@columbia.edu', 2);
insert into clients (id, firstname, lastname, patronymic, email, gender_id) values (13, 'Касьян', 'Третьяков', 'Евстигнеевич', 'mwildinc@cyberchimps.com', 3);
insert into clients (id, firstname, lastname, patronymic, email, gender_id) values (14, 'Лаврентий', 'Рожков', 'Жоресович', 'jisseleed@ed.gov', 2);
insert into clients (id, firstname, lastname, patronymic, email, gender_id) values (15, 'Володар', 'Белов', 'Аверьянович', 'rpatterse@alexa.com', 2);
insert into clients (id, firstname, lastname, patronymic, email, gender_id) values (16, 'Влад', 'Потапов', 'Викентьевич', 'bfernanf@multiply.com', 1);
insert into clients (id, firstname, lastname, patronymic, email, gender_id) values (17, 'Электрон', 'Владимиров', 'Харламович', 'ndensung@google.es', 1);
insert into clients (id, firstname, lastname, patronymic, email, gender_id) values (18, 'Декабрий', 'Сергеев', 'Анисимович', 'warthanh@cargocollective.com', 2);
insert into clients (id, firstname, lastname, patronymic, email, gender_id) values (19, 'Милослав', 'Муравьёв', 'Ильсурович', 'blinderi@apache.org', 1);
insert into clients (id, firstname, lastname, patronymic, email, gender_id) values (20, 'Гарри', 'Прохоров', 'Ааронович', 'ttwiddellj@arizona.edu', 2);
insert into clients (id, firstname, lastname, patronymic, email, gender_id) values (21, 'Июлий', 'Владимиров', 'Вячеславович', 'dmatonink@nydailynews.com', 1);
insert into clients (id, firstname, lastname, patronymic, email, gender_id) values (22, 'Радислав', 'Гришин', 'Гаджиевич', 'kbrummelll@bloomberg.com', 1);
insert into clients (id, firstname, lastname, patronymic, email, gender_id) values (23, 'Афанасий', 'Михайлов', 'Гертрудович', 'dleyntonm@w3.org', 1);
insert into clients (id, firstname, lastname, patronymic, email, gender_id) values (24, 'Боеслав', 'Медведев', 'Якубович', 'twortmann@reuters.com', 2);
insert into clients (id, firstname, lastname, patronymic, email, gender_id) values (25, 'Дионисий', 'Доронин', 'Матвеевич', 'cmonkleigho@redcross.org', 1);
insert into clients (id, firstname, lastname, patronymic, email, gender_id) values (26, 'Евгений', 'Артемьев', 'Леонович', 'rkynep@twitter.com', 2);
insert into clients (id, firstname, lastname, patronymic, email, gender_id) values (27, 'Неонил', 'Горшков', 'Аверьянович', 'hwyeq@noaa.gov', 1);
insert into clients (id, firstname, lastname, patronymic, email, gender_id) values (28, 'Вольдемар', 'Кузьмин', 'Чеславович', 'jcorserr@webs.com', 1);
insert into clients (id, firstname, lastname, patronymic, email, gender_id) values (29, 'Леонард', 'Фёдоров', 'Платонович', 'emoreiniss@scribd.com', 2);
insert into clients (id, firstname, lastname, patronymic, email, gender_id) values (30, 'Савелий', 'Гаврилов', 'Ростиславович', 'aciciarit@marketwatch.com', 2);
insert into clients (id, firstname, lastname, patronymic, email, gender_id) values (31, 'Макар', 'Владимиров', 'Изотович', 'csandyfirthu@abc.net.au', 2);
insert into clients (id, firstname, lastname, patronymic, email, gender_id) values (32, 'Воислав', 'Журавлёв', 'Харлампьевич', 'cdeerev@barnesandnoble.com', 2);
insert into clients (id, firstname, lastname, patronymic, email, gender_id) values (33, 'Богдан', 'Наумов', 'Фёдорович', 'thoovartw@naver.com', 3);
insert into clients (id, firstname, lastname, patronymic, email, gender_id) values (34, 'Мирон', 'Титов', 'Адрианович', 'mgentyx@mozilla.org', 2);
insert into clients (id, firstname, lastname, patronymic, email, gender_id) values (35, 'Юрий', 'Максимов', 'Вячеславович', 'pballinghally@technorati.com', 3);
insert into clients (id, firstname, lastname, patronymic, email, gender_id) values (36, 'Будимир', 'Медведев', 'Димитриевич', 'dgynniz@businessweek.com', 3);
insert into clients (id, firstname, lastname, patronymic, email, gender_id) values (37, 'Ибрагим', 'Дмитриев', 'Анисимович', 'ocluff10@sohu.com', 2);
insert into clients (id, firstname, lastname, patronymic, email, gender_id) values (38, 'Станислав', 'Тимофеев', 'Владимирович', 'aquantick11@ning.com', 2);
insert into clients (id, firstname, lastname, patronymic, email, gender_id) values (39, 'Юпитер', 'Филатов', 'Изотович', 'acadd12@oaic.gov.au', 3);
insert into clients (id, firstname, lastname, patronymic, email, gender_id) values (40, 'Болеслав', 'Зимин', 'Изотович', 'kdailly13@gnu.org', 2);
insert into clients (id, firstname, lastname, patronymic, email, gender_id) values (41, 'Велислав', 'Нестеров', 'Измаилович', 'jwodeland14@dailymail.co.uk', 2);
insert into clients (id, firstname, lastname, patronymic, email, gender_id) values (42, 'Леонид', 'Терентьев', 'Леонович', 'cgouldeby15@g.co', 2);
insert into clients (id, firstname, lastname, patronymic, email, gender_id) values (43, 'Алексей', 'Ларионов', 'Виленович', 'dmcenery16@weibo.com', 3);
insert into clients (id, firstname, lastname, patronymic, email, gender_id) values (44, 'Аврор', 'Белоусов', 'Германович', 'acaurah17@liveinternet.ru', 3);
insert into clients (id, firstname, lastname, patronymic, email, gender_id) values (45, 'Май', 'Мухин', 'Ильмирович', 'olorking18@nhs.uk', 2);
insert into clients (id, firstname, lastname, patronymic, email, gender_id) values (46, 'Казимир', 'Белозёров', 'Жоресович', 'ltrivett19@go.com', 1);
insert into clients (id, firstname, lastname, patronymic, email, gender_id) values (47, 'Трофим', 'Тетерин', 'Власович', 'cpyrton1a@samsung.com', 3);
insert into clients (id, firstname, lastname, patronymic, email, gender_id) values (48, 'Евгений', 'Петухов', 'Богданович', 'tdring1b@nasa.gov', 2);
insert into clients (id, firstname, lastname, patronymic, email, gender_id) values (49, 'Лукьян', 'Сазонов', 'Жанович', 'atreadgall1c@loc.gov', 1);
insert into clients (id, firstname, lastname, patronymic, email, gender_id) values (50, 'Клавдий', 'Ситников', 'Ильнурович', 'rriggs1d@ed.gov', 1);
insert into clients (id, firstname, lastname, patronymic, email, gender_id) values (51, 'Ларион', 'Виноградов', 'Владиславович', 'kclymo1e@livejournal.com', 3);
insert into clients (id, firstname, lastname, patronymic, email, gender_id) values (52, 'Ян', 'Терентьев', 'Гаврилович', 'fburnage1f@privacy.gov.au', 3);
insert into clients (id, firstname, lastname, patronymic, email, gender_id) values (53, 'Пётр', 'Гущин', 'Ануфриевич', 'dcottis1g@census.gov', 3);
insert into clients (id, firstname, lastname, patronymic, email, gender_id) values (54, 'Майслав', 'Жданов', 'Анатольевич', 'alettson1h@mail.ru', 2);
insert into clients (id, firstname, lastname, patronymic, email, gender_id) values (55, 'Наум', 'Тихонов', 'Егорович', 'wmcgaughay1i@samsung.com', 1);
insert into clients (id, firstname, lastname, patronymic, email, gender_id) values (56, 'Влад', 'Жданов', 'Сидорович', 'dclimar1j@blogs.com', 2);
insert into clients (id, firstname, lastname, patronymic, email, gender_id) values (57, 'Вольмир', 'Гордеев', 'Наумович', 'dgiannoni1k@desdev.cn', 2);
insert into clients (id, firstname, lastname, patronymic, email, gender_id) values (58, 'Куприян', 'Титов', 'Борисович', 'efryatt1l@4shared.com', 1);
insert into clients (id, firstname, lastname, patronymic, email, gender_id) values (59, 'Леонард', 'Дорофеев', 'Ильгизович', 'hlebel1m@wikimedia.org', 1);
insert into clients (id, firstname, lastname, patronymic, email, gender_id) values (60, 'Будимир', 'Щукин', 'Вадимович', 'bwheeliker1n@economist.com', 1);
insert into clients (id, firstname, lastname, patronymic, email, gender_id) values (61, 'Велислав', 'Евдокимов', 'Ильясович', 'mmcanellye1o@livejournal.com', 1);
insert into clients (id, firstname, lastname, patronymic, email, gender_id) values (62, 'Климентий', 'Блохин', 'Тимофеевич', 'ssloley1p@google.co.uk', 2);
insert into clients (id, firstname, lastname, patronymic, email, gender_id) values (63, 'Зорий', 'Пономарёв', 'Матвеевич', 'bclimance1q@netlog.com', 3);
insert into clients (id, firstname, lastname, patronymic, email, gender_id) values (64, 'Семён', 'Голубев', 'Наумович', 'ckehri1r@sitemeter.com', 3);
insert into clients (id, firstname, lastname, patronymic, email, gender_id) values (65, 'Вальтер', 'Самсонов', 'Жанович', 'gboliver1s@gmpg.org', 2);
insert into clients (id, firstname, lastname, patronymic, email, gender_id) values (66, 'Пётр', 'Семёнов', 'Соломонович', 'rwrightem1t@homestead.com', 2);
insert into clients (id, firstname, lastname, patronymic, email, gender_id) values (67, 'Радим', 'Иванов', 'Никифорович', 'nlarraway1u@timesonline.co.uk', 2);
insert into clients (id, firstname, lastname, patronymic, email, gender_id) values (68, 'Лукьян', 'Пономарёв', 'Евсеевич', 'dslee1v@earthlink.net', 2);
insert into clients (id, firstname, lastname, patronymic, email, gender_id) values (69, 'Виктор', 'Назаров', 'Феодосьевич', 'mblock1w@technorati.com', 3);
insert into clients (id, firstname, lastname, patronymic, email, gender_id) values (70, 'Арсен', 'Одинцов', 'Бориславович', 'tdegiorgi1x@sogou.com', 1);
insert into clients (id, firstname, lastname, patronymic, email, gender_id) values (71, 'Воин', 'Белов', 'Гаврилович', 'afolliss1y@creativecommons.org', 2);
insert into clients (id, firstname, lastname, patronymic, email, gender_id) values (72, 'Афанасий', 'Шилов', 'Ильгизович', 'mjessep1z@wufoo.com', 2);
insert into clients (id, firstname, lastname, patronymic, email, gender_id) values (73, 'Авксентий', 'Князев', 'Федосеевич', 'ikillough20@geocities.jp', 3);
insert into clients (id, firstname, lastname, patronymic, email, gender_id) values (74, 'Июлий', 'Ермаков', 'Никитич', 'rmariette21@engadget.com', 3);
insert into clients (id, firstname, lastname, patronymic, email, gender_id) values (75, 'Назар', 'Степанов', 'Харлампьевич', 'esheerman22@wikia.com', 2);
insert into clients (id, firstname, lastname, patronymic, email, gender_id) values (76, 'Электрон', 'Меркушев', 'Генрихович', 'rparlor23@ox.ac.uk', 3);
insert into clients (id, firstname, lastname, patronymic, email, gender_id) values (77, 'Леонтий', 'Комаров', 'Чеславович', 'badame24@tmall.com', 2);
insert into clients (id, firstname, lastname, patronymic, email, gender_id) values (78, 'Аполлинарий', 'Наумов', 'Демьянович', 'bklesel25@webnode.com', 3);
insert into clients (id, firstname, lastname, patronymic, email, gender_id) values (79, 'Нестор', 'Михайлов', 'Архипович', 'rsings26@techcrunch.com', 2);
insert into clients (id, firstname, lastname, patronymic, email, gender_id) values (80, 'Нестор', 'Макаров', 'Власович', 'mrochford27@yale.edu', 1);
insert into clients (id, firstname, lastname, patronymic, email, gender_id) values (81, 'Дар', 'Захаров', 'Семёнович', 'mbosse28@twitter.com', 2);
insert into clients (id, firstname, lastname, patronymic, email, gender_id) values (82, 'Флорин', 'Тетерин', 'Захарьевич', 'mkrop29@quantcast.com', 2);
insert into clients (id, firstname, lastname, patronymic, email, gender_id) values (83, 'Станислав', 'Беляков', 'Владимирович', 'aecclestone2a@livejournal.com', 3);
insert into clients (id, firstname, lastname, patronymic, email, gender_id) values (84, 'Мирон', 'Савин', 'Ростиславович', 'mpinckstone2b@cyberchimps.com', 2);
insert into clients (id, firstname, lastname, patronymic, email, gender_id) values (85, 'Любомир', 'Беляев', 'Демидович', 'hreedman2c@privacy.gov.au', 1);
insert into clients (id, firstname, lastname, patronymic, email, gender_id) values (86, 'Кузьма', 'Семёнов', 'Демьянович', 'povitts2d@harvard.edu', 3);
insert into clients (id, firstname, lastname, patronymic, email, gender_id) values (87, 'Пантелеймон', 'Трофимов', 'Артурович', 'hqueste2e@blogger.com', 1);
insert into clients (id, firstname, lastname, patronymic, email, gender_id) values (88, 'Север', 'Миронов', 'Владленович', 'rgodsafe2f@instagram.com', 2);
insert into clients (id, firstname, lastname, patronymic, email, gender_id) values (89, 'Фрол', 'Петров', 'Трифонович', 'lrunnalls2g@independent.co.uk', 2);
insert into clients (id, firstname, lastname, patronymic, email, gender_id) values (90, 'Филимон', 'Логинов', 'Семёнович', 'bharvey2h@liveinternet.ru', 2);
insert into clients (id, firstname, lastname, patronymic, email, gender_id) values (91, 'Еруслан', 'Зиновьев', 'Тарасович', 'cborton2i@ezinearticles.com', 2);
insert into clients (id, firstname, lastname, patronymic, email, gender_id) values (92, 'Октябрин', 'Сидоров', 'Евсеевич', 'plardier2j@slideshare.net', 3);
insert into clients (id, firstname, lastname, patronymic, email, gender_id) values (93, 'Антонин', 'Исаев', 'Бенедиктович', 'cdaughtry2k@cornell.edu', 1);
insert into clients (id, firstname, lastname, patronymic, email, gender_id) values (94, 'Борислав', 'Семёнов', 'Артемьевич', 'gseiler2l@dedecms.com', 2);
insert into clients (id, firstname, lastname, patronymic, email, gender_id) values (95, 'Куприян', 'Большаков', 'Евграфович', 'csievewright2m@prweb.com', 2);
insert into clients (id, firstname, lastname, patronymic, email, gender_id) values (96, 'Юлий', 'Кириллов', 'Игнатович', 'cmussett2n@xinhuanet.com', 2);
insert into clients (id, firstname, lastname, patronymic, email, gender_id) values (97, 'Трифон', 'Буров', 'Августович', 'cgore2o@amazon.co.uk', 1);
insert into clients (id, firstname, lastname, patronymic, email, gender_id) values (98, 'Артур', 'Колесников', 'Евдокимович', 'frabjohns2p@163.com', 2);
insert into clients (id, firstname, lastname, patronymic, email, gender_id) values (99, 'Мирослав', 'Кононов', 'Давидович', 'rullock2q@last.fm', 3);
insert into clients (id, firstname, lastname, patronymic, email, gender_id) values (100, 'Ярополк', 'Никитин', 'Федотович', 'spolden2r@msu.edu', 1);
insert into clients (id, firstname, lastname, patronymic, email, gender_id) values (101, 'Сигизмунд', 'Гришин', 'Игнатьевич', 'salwin2s@taobao.com', 1);
insert into clients (id, firstname, lastname, patronymic, email, gender_id) values (102, 'Савелий', 'Белов', 'Федотович', 'shanhart2t@census.gov', 1);
insert into clients (id, firstname, lastname, patronymic, email, gender_id) values (103, 'Борислав', 'Назаров', 'Тимурович', 'gpadefield2u@icq.com', 3);
insert into clients (id, firstname, lastname, patronymic, email, gender_id) values (104, 'Киприан', 'Суханов', 'Теймуразович', 'msansbury2v@odnoklassniki.ru', 3);
insert into clients (id, firstname, lastname, patronymic, email, gender_id) values (105, 'Вадим', 'Дроздов', 'Дмитриевич', 'mthamelt2w@xing.com', 3);
insert into clients (id, firstname, lastname, patronymic, email, gender_id) values (106, 'Ювеналий', 'Большаков', 'Алексеевич', 'vyablsley2x@utexas.edu', 1);
insert into clients (id, firstname, lastname, patronymic, email, gender_id) values (107, 'Виталий', 'Авдеев', 'Анисимович', 'cpattinson2y@loc.gov', 2);
insert into clients (id, firstname, lastname, patronymic, email, gender_id) values (108, 'Октавиан', 'Кузьмин', 'Ильясович', 'tgilluley2z@unesco.org', 2);
insert into clients (id, firstname, lastname, patronymic, email, gender_id) values (109, 'Натан', 'Щербаков', 'Ермолаевич', 'gbeastall30@usa.gov', 1);
insert into clients (id, firstname, lastname, patronymic, email, gender_id) values (110, 'Юпитер', 'Лихачёв', 'Осипович', 'lsilverlock31@ihg.com', 2);
insert into clients (id, firstname, lastname, patronymic, email, gender_id) values (111, 'Леонард', 'Орлов', 'Сергеевич', 'giacobassi32@newsvine.com', 1);
insert into clients (id, firstname, lastname, patronymic, email, gender_id) values (112, 'Афанасий', 'Кузьмин', 'Гурьевич', 'mdobble33@jiathis.com', 3);
insert into clients (id, firstname, lastname, patronymic, email, gender_id) values (113, 'Июлий', 'Фомин', 'Тимурович', 'lsolan34@hatena.ne.jp', 1);
insert into clients (id, firstname, lastname, patronymic, email, gender_id) values (114, 'Вольдемар', 'Гуляев', 'Фокич', 'eatcheson35@mail.ru', 2);
insert into clients (id, firstname, lastname, patronymic, email, gender_id) values (115, 'Флорин', 'Уваров', 'Сидорович', 'yguilleton36@storify.com', 3);
insert into clients (id, firstname, lastname, patronymic, email, gender_id) values (116, 'Харитон', 'Елисеев', 'Юлианович', 'fscrivens37@comsenz.com', 1);
insert into clients (id, firstname, lastname, patronymic, email, gender_id) values (117, 'Велор', 'Быков', 'Гертрудович', 'rrobic38@globo.com', 2);
insert into clients (id, firstname, lastname, patronymic, email, gender_id) values (118, 'Ефим', 'Колесников', 'Юлианович', 'iowbrick39@ted.com', 2);
insert into clients (id, firstname, lastname, patronymic, email, gender_id) values (119, 'Добрыня', 'Колобов', 'Витальевич', 'bbricket3a@bbc.co.uk', 1);
insert into clients (id, firstname, lastname, patronymic, email, gender_id) values (120, 'Октябрь', 'Копылов', 'Адамович', 'ecorrington3b@dmoz.org', 3);
insert into clients (id, firstname, lastname, patronymic, email, gender_id) values (121, 'Боеслав', 'Терентьев', 'Иоаннович', 'skemball3c@java.com', 3);
insert into clients (id, firstname, lastname, patronymic, email, gender_id) values (122, 'Вольдемар', 'Никифоров', 'Матвеевич', 'sshawel3d@economist.com', 2);
insert into clients (id, firstname, lastname, patronymic, email, gender_id) values (123, 'Монолит', 'Цветков', 'Евграфович', 'pshorbrook3e@ftc.gov', 1);
insert into clients (id, firstname, lastname, patronymic, email, gender_id) values (124, 'Виссарион', 'Овчинников', 'Владиленович', 'jtenant3f@surveymonkey.com', 3);
insert into clients (id, firstname, lastname, patronymic, email, gender_id) values (125, 'Алевтин', 'Морозов', 'Ростиславович', 'cpenzer3g@statcounter.com', 1);
insert into clients (id, firstname, lastname, patronymic, email, gender_id) values (126, 'Май', 'Красильников', 'Иосипович', 'omoffatt3h@livejournal.com', 3);
insert into clients (id, firstname, lastname, patronymic, email, gender_id) values (127, 'Флегонт', 'Евсеев', 'Леонович', 'cwelburn3i@yale.edu', 1);
insert into clients (id, firstname, lastname, patronymic, email, gender_id) values (128, 'Семён', 'Горбунов', 'Федотович', 'cemmins3j@edublogs.org', 3);
insert into clients (id, firstname, lastname, patronymic, email, gender_id) values (129, 'Атеист', 'Кулаков', 'Якубович', 'rgrisbrook3k@ifeng.com', 1);
insert into clients (id, firstname, lastname, patronymic, email, gender_id) values (130, 'Эльбрус', 'Владимиров', 'Денисович', 'pspottiswoode3l@xing.com', 3);
insert into clients (id, firstname, lastname, patronymic, email, gender_id) values (131, 'Борислав', 'Кошелев', 'Исаевич', 'dluker3m@shutterfly.com', 3);
insert into clients (id, firstname, lastname, patronymic, email, gender_id) values (132, 'Дар', 'Сазонов', 'Давидович', 'cgrishkov3n@webs.com', 2);
insert into clients (id, firstname, lastname, patronymic, email, gender_id) values (133, 'Алексей', 'Якушев', 'Измаилович', 'efarquar3o@amazon.com', 1);
insert into clients (id, firstname, lastname, patronymic, email, gender_id) values (134, 'Прохор', 'Доронин', 'Максимович', 'samos3p@ycombinator.com', 1);
insert into clients (id, firstname, lastname, patronymic, email, gender_id) values (135, 'Аркадий', 'Нестеров', 'Герасимович', 'vcrebott3q@usa.gov', 3);
insert into clients (id, firstname, lastname, patronymic, email, gender_id) values (136, 'Май', 'Алексеев', 'Тихонович', 'hind3r@unesco.org', 3);
insert into clients (id, firstname, lastname, patronymic, email, gender_id) values (137, 'Степан', 'Емельянов', 'Игнатович', 'hmuldownie3s@bigcartel.com', 2);
insert into clients (id, firstname, lastname, patronymic, email, gender_id) values (138, 'Филимон', 'Гуляев', 'Юльевич', 'nabbie3t@zimbio.com', 1);
insert into clients (id, firstname, lastname, patronymic, email, gender_id) values (139, 'Василько', 'Никитин', 'Филимонович', 'mgalbreth3u@msu.edu', 3);
insert into clients (id, firstname, lastname, patronymic, email, gender_id) values (140, 'Тарас', 'Корнилов', 'Феликсович', 'astoffels3v@sciencedirect.com', 3);
insert into clients (id, firstname, lastname, patronymic, email, gender_id) values (141, 'Ибрагим', 'Орехов', 'Чеславович', 'acarbry3w@webs.com', 2);
insert into clients (id, firstname, lastname, patronymic, email, gender_id) values (142, 'Теймураз', 'Андреев', 'Эдуардович', 'fgarfit3x@utexas.edu', 3);
insert into clients (id, firstname, lastname, patronymic, email, gender_id) values (143, 'Лукьян', 'Копылов', 'Аркадьевич', 'dmeadowcroft3y@addtoany.com', 3);
insert into clients (id, firstname, lastname, patronymic, email, gender_id) values (144, 'Евгений', 'Мамонтов', 'Демьянович', 'ecabotto3z@surveymonkey.com', 3);
insert into clients (id, firstname, lastname, patronymic, email, gender_id) values (145, 'Трофим', 'Соболев', 'Васильевич', 'jlockhurst40@topsy.com', 3);
insert into clients (id, firstname, lastname, patronymic, email, gender_id) values (146, 'Май', 'Фокин', 'Ануфриевич', 'syeats41@homestead.com', 1);
insert into clients (id, firstname, lastname, patronymic, email, gender_id) values (147, 'Ян', 'Белов', 'Германович', 'eschimpke42@fastcompany.com', 3);
insert into clients (id, firstname, lastname, patronymic, email, gender_id) values (148, 'Феликс', 'Шарапов', 'Гурьевич', 'agonning43@twitter.com', 3);
insert into clients (id, firstname, lastname, patronymic, email, gender_id) values (149, 'Дональт', 'Титов', 'Эдуардович', 'rdominichetti44@nps.gov', 2);
insert into clients (id, firstname, lastname, patronymic, email, gender_id) values (150, 'Болеслав', 'Доронин', 'Еремеевич', 'rgandey45@sogou.com', 1);
insert into clients (id, firstname, lastname, patronymic, email, gender_id) values (151, 'Милонег', 'Гурьев', 'Глебович', 'sburberye46@hp.com', 3);
insert into clients (id, firstname, lastname, patronymic, email, gender_id) values (152, 'Киприан', 'Якушев', 'Гордеевич', 'ddecruse47@blinklist.com', 2);
insert into clients (id, firstname, lastname, patronymic, email, gender_id) values (153, 'Касьян', 'Комаров', 'Артемьевич', 'mkenzie48@miibeian.gov.cn', 2);
insert into clients (id, firstname, lastname, patronymic, email, gender_id) values (154, 'Будимир', 'Савин', 'Федотович', 'cbruggeman49@rakuten.co.jp', 2);
insert into clients (id, firstname, lastname, patronymic, email, gender_id) values (155, 'Кузьма', 'Калинин', 'Гертрудович', 'abarrack4a@ehow.com', 2);
insert into clients (id, firstname, lastname, patronymic, email, gender_id) values (156, 'Адам', 'Борисов', 'Елизарович', 'gyousef4b@de.vu', 3);
insert into clients (id, firstname, lastname, patronymic, email, gender_id) values (157, 'Май', 'Одинцов', 'Владленович', 'bgoodrum4c@1und1.de', 3);
insert into clients (id, firstname, lastname, patronymic, email, gender_id) values (158, 'Влад', 'Селезнёв', 'Леонидович', 'jwebben4d@digg.com', 1);
insert into clients (id, firstname, lastname, patronymic, email, gender_id) values (159, 'Ларион', 'Воробьёв', 'Изотович', 'gfylan4e@comcast.net', 3);
insert into clients (id, firstname, lastname, patronymic, email, gender_id) values (160, 'Вячеслав', 'Мясников', 'Ефремович', 'aslatter4f@va.gov', 3);
insert into clients (id, firstname, lastname, patronymic, email, gender_id) values (161, 'Ибрагим', 'Гришин', 'Дмитриевич', 'trenneke4g@dropbox.com', 3);
insert into clients (id, firstname, lastname, patronymic, email, gender_id) values (162, 'Куприян', 'Колесников', 'Вадимович', 'vvagges4h@miitbeian.gov.cn', 2);
insert into clients (id, firstname, lastname, patronymic, email, gender_id) values (163, 'Ларион', 'Киселёв', 'Фокич', 'ggunda4i@smugmug.com', 1);
insert into clients (id, firstname, lastname, patronymic, email, gender_id) values (164, 'Неонил', 'Ситников', 'Алексеевич', 'tvina4j@dmoz.org', 2);
insert into clients (id, firstname, lastname, patronymic, email, gender_id) values (165, 'Яромир', 'Антонов', 'Георгиевич', 'drassmann4k@imgur.com', 2);
insert into clients (id, firstname, lastname, patronymic, email, gender_id) values (166, 'Бажен', 'Иванов', 'Виссарионович', 'makerman4l@psu.edu', 2);
insert into clients (id, firstname, lastname, patronymic, email, gender_id) values (167, 'Станислав', 'Зыков', 'Вадимович', 'gbaigrie4m@creativecommons.org', 2);
insert into clients (id, firstname, lastname, patronymic, email, gender_id) values (168, 'Владлен', 'Лихачёв', 'Вячеславович', 'kgabites4n@unesco.org', 3);
insert into clients (id, firstname, lastname, patronymic, email, gender_id) values (169, 'Воислав', 'Белоусов', 'Гурьевич', 'lchristauffour4o@dyndns.org', 3);
insert into clients (id, firstname, lastname, patronymic, email, gender_id) values (170, 'Антон', 'Федосеев', 'Терентьевич', 'rmccalister4p@shop-pro.jp', 3);
insert into clients (id, firstname, lastname, patronymic, email, gender_id) values (171, 'Ян', 'Суханов', 'Платонович', 'gthorp4q@rambler.ru', 2);
insert into clients (id, firstname, lastname, patronymic, email, gender_id) values (172, 'Макар', 'Осипов', 'Арсенович', 'akinglesyd4r@imgur.com', 2);
insert into clients (id, firstname, lastname, patronymic, email, gender_id) values (173, 'Милослав', 'Шилов', 'Еремеевич', 'croalfe4s@feedburner.com', 3);
insert into clients (id, firstname, lastname, patronymic, email, gender_id) values (174, 'Флорин', 'Харитонов', 'Платонович', 'cseller4t@merriam-webster.com', 3);
insert into clients (id, firstname, lastname, patronymic, email, gender_id) values (175, 'Наум', 'Морозов', 'Алексеевич', 'dskipper4u@ucla.edu', 2);
insert into clients (id, firstname, lastname, patronymic, email, gender_id) values (176, 'Флоренц', 'Зимин', 'Осипович', 'pdavidwitz4v@un.org', 2);
insert into clients (id, firstname, lastname, patronymic, email, gender_id) values (177, 'Палладий', 'Колесников', 'Павлович', 'bdyball4w@cornell.edu', 2);
insert into clients (id, firstname, lastname, patronymic, email, gender_id) values (178, 'Авенир', 'Молчанов', 'Георгиевич', 'cgeach4x@sun.com', 1);
insert into clients (id, firstname, lastname, patronymic, email, gender_id) values (179, 'Норд', 'Хохлов', 'Федосьевич', 'lbrixey4y@washingtonpost.com', 3);
insert into clients (id, firstname, lastname, patronymic, email, gender_id) values (180, 'Святослав', 'Захаров', 'Гордеевич', 'ivallis4z@lulu.com', 3);
insert into clients (id, firstname, lastname, patronymic, email, gender_id) values (181, 'Галактион', 'Артемьев', 'Игнатович', 'lgerasch50@cisco.com', 1);
insert into clients (id, firstname, lastname, patronymic, email, gender_id) values (182, 'Евдоким', 'Соколов', 'Абрамович', 'odickon51@dmoz.org', 1);
insert into clients (id, firstname, lastname, patronymic, email, gender_id) values (183, 'Нестор', 'Герасимов', 'Батькович', 'hcreffeild52@yelp.com', 1);
insert into clients (id, firstname, lastname, patronymic, email, gender_id) values (184, 'Ларион', 'Медведев', 'Дорофеевич', 'ckibble53@gizmodo.com', 1);
insert into clients (id, firstname, lastname, patronymic, email, gender_id) values (185, 'Аполлон', 'Горбунов', 'Евдокимович', 'dsandeman54@bloomberg.com', 3);
insert into clients (id, firstname, lastname, patronymic, email, gender_id) values (186, 'Кир', 'Назаров', 'Гурьевич', 'ebrettelle55@state.gov', 3);
insert into clients (id, firstname, lastname, patronymic, email, gender_id) values (187, 'Октябрь', 'Рогов', 'Евгеньевич', 'rslaight56@mediafire.com', 2);
insert into clients (id, firstname, lastname, patronymic, email, gender_id) values (188, 'Светослав', 'Родионов', 'Гурьевич', 'amaith57@theglobeandmail.com', 3);
insert into clients (id, firstname, lastname, patronymic, email, gender_id) values (189, 'Захар', 'Трофимов', 'Максимович', 'bbonicelli58@etsy.com', 2);
insert into clients (id, firstname, lastname, patronymic, email, gender_id) values (190, 'Антуан', 'Комиссаров', 'Владимирович', 'fwildman59@indiatimes.com', 2);
insert into clients (id, firstname, lastname, patronymic, email, gender_id) values (191, 'Борислав', 'Силин', 'Викторович', 'meglinton5a@wikispaces.com', 3);
insert into clients (id, firstname, lastname, patronymic, email, gender_id) values (192, 'Пересвет', 'Яковлев', 'Евсеевич', 'tblei5b@technorati.com', 3);
insert into clients (id, firstname, lastname, patronymic, email, gender_id) values (193, 'Лавр', 'Матвеев', 'Осипович', 'gcann5c@unc.edu', 1);
insert into clients (id, firstname, lastname, patronymic, email, gender_id) values (194, 'Борислав', 'Степанов', 'Филатович', 'jtouzey5d@ycombinator.com', 2);
insert into clients (id, firstname, lastname, patronymic, email, gender_id) values (195, 'Северян', 'Лазарев', 'Архипович', 'zmccombe5e@myspace.com', 3);
insert into clients (id, firstname, lastname, patronymic, email, gender_id) values (196, 'Нестор', 'Субботин', 'Авдеевич', 'abrill5f@privacy.gov.au', 2);
insert into clients (id, firstname, lastname, patronymic, email, gender_id) values (197, 'Ибрагим', 'Кошелев', 'Евдокимович', 'hfreathy5g@parallels.com', 3);
insert into clients (id, firstname, lastname, patronymic, email, gender_id) values (198, 'Юрий', 'Евсеев', 'Алексеевич', 'eminard5h@cocolog-nifty.com', 1);
insert into clients (id, firstname, lastname, patronymic, email, gender_id) values (199, 'Альфред', 'Богданов', 'Глебович', 'eonthank5i@state.gov', 2);
insert into clients (id, firstname, lastname, patronymic, email, gender_id) values (200, 'Пётр', 'Макаров', 'Фадеевич', 'dfilan5j@oracle.com', 1);
UPDATE clients SET password = email;


insert into requests (id, client_id) values (1, 137);
insert into requests (id, client_id) values (2, 52);
insert into requests (id, client_id) values (3, 80);
insert into requests (id, client_id) values (4, 192);
insert into requests (id, client_id) values (5, 83);
insert into requests (id, client_id) values (6, 197);
insert into requests (id, client_id) values (7, 171);
insert into requests (id, client_id) values (8, 119);
insert into requests (id, client_id) values (9, 53);
insert into requests (id, client_id) values (10, 61);
insert into requests (id, client_id) values (11, 109);
insert into requests (id, client_id) values (12, 162);
insert into requests (id, client_id) values (13, 112);
insert into requests (id, client_id) values (14, 85);
insert into requests (id, client_id) values (15, 12);
insert into requests (id, client_id) values (16, 159);
insert into requests (id, client_id) values (17, 81);
insert into requests (id, client_id) values (18, 107);
insert into requests (id, client_id) values (19, 82);
insert into requests (id, client_id) values (20, 16);
insert into requests (id, client_id) values (21, 132);
insert into requests (id, client_id) values (22, 154);
insert into requests (id, client_id) values (23, 90);
insert into requests (id, client_id) values (24, 35);
insert into requests (id, client_id) values (25, 131);
insert into requests (id, client_id) values (26, 6);
insert into requests (id, client_id) values (27, 6);
insert into requests (id, client_id) values (28, 196);
insert into requests (id, client_id) values (29, 25);
insert into requests (id, client_id) values (30, 135);
insert into requests (id, client_id) values (31, 120);
insert into requests (id, client_id) values (32, 169);
insert into requests (id, client_id) values (33, 24);
insert into requests (id, client_id) values (34, 81);
insert into requests (id, client_id) values (35, 44);
insert into requests (id, client_id) values (36, 58);
insert into requests (id, client_id) values (37, 176);
insert into requests (id, client_id) values (38, 54);
insert into requests (id, client_id) values (39, 75);
insert into requests (id, client_id) values (40, 116);
insert into requests (id, client_id) values (41, 43);
insert into requests (id, client_id) values (42, 35);
insert into requests (id, client_id) values (43, 32);
insert into requests (id, client_id) values (44, 88);
insert into requests (id, client_id) values (45, 132);
insert into requests (id, client_id) values (46, 42);
insert into requests (id, client_id) values (47, 117);
insert into requests (id, client_id) values (48, 124);
insert into requests (id, client_id) values (49, 200);
insert into requests (id, client_id) values (50, 109);


insert into basket_bouquets (id, client_id, bouquet_template_id, count) values (1, 96, 24, 10);
insert into basket_bouquets (id, client_id, bouquet_template_id, count) values (2, 188, 19, 5);
insert into basket_bouquets (id, client_id, bouquet_template_id, count) values (3, 186, 26, 10);
insert into basket_bouquets (id, client_id, bouquet_template_id, count) values (4, 128, 28, 11);
insert into basket_bouquets (id, client_id, bouquet_template_id, count) values (5, 134, 28, 19);
insert into basket_bouquets (id, client_id, bouquet_template_id, count) values (6, 38, 29, 2);
insert into basket_bouquets (id, client_id, bouquet_template_id, count) values (7, 199, 17, 13);
insert into basket_bouquets (id, client_id, bouquet_template_id, count) values (8, 154, 18, 19);
insert into basket_bouquets (id, client_id, bouquet_template_id, count) values (9, 9, 10, 3);
insert into basket_bouquets (id, client_id, bouquet_template_id, count) values (10, 27, 3, 2);
insert into basket_bouquets (id, client_id, bouquet_template_id, count) values (11, 191, 25, 7);
insert into basket_bouquets (id, client_id, bouquet_template_id, count) values (12, 127, 18, 8);
insert into basket_bouquets (id, client_id, bouquet_template_id, count) values (13, 105, 18, 19);
insert into basket_bouquets (id, client_id, bouquet_template_id, count) values (14, 40, 10, 6);
insert into basket_bouquets (id, client_id, bouquet_template_id, count) values (15, 174, 19, 1);
insert into basket_bouquets (id, client_id, bouquet_template_id, count) values (16, 188, 25, 6);
insert into basket_bouquets (id, client_id, bouquet_template_id, count) values (17, 15, 10, 11);
insert into basket_bouquets (id, client_id, bouquet_template_id, count) values (18, 44, 11, 6);
insert into basket_bouquets (id, client_id, bouquet_template_id, count) values (19, 79, 22, 19);
insert into basket_bouquets (id, client_id, bouquet_template_id, count) values (20, 128, 19, 14);
insert into basket_bouquets (id, client_id, bouquet_template_id, count) values (21, 7, 7, 1);
insert into basket_bouquets (id, client_id, bouquet_template_id, count) values (22, 105, 7, 5);
insert into basket_bouquets (id, client_id, bouquet_template_id, count) values (23, 60, 13, 5);
insert into basket_bouquets (id, client_id, bouquet_template_id, count) values (24, 4, 30, 4);
insert into basket_bouquets (id, client_id, bouquet_template_id, count) values (25, 2, 24, 14);
insert into basket_bouquets (id, client_id, bouquet_template_id, count) values (26, 97, 19, 13);
insert into basket_bouquets (id, client_id, bouquet_template_id, count) values (27, 134, 21, 14);
insert into basket_bouquets (id, client_id, bouquet_template_id, count) values (28, 145, 8, 8);
insert into basket_bouquets (id, client_id, bouquet_template_id, count) values (29, 155, 15, 6);
insert into basket_bouquets (id, client_id, bouquet_template_id, count) values (30, 82, 16, 15);
insert into basket_bouquets (id, client_id, bouquet_template_id, count) values (31, 34, 19, 15);
insert into basket_bouquets (id, client_id, bouquet_template_id, count) values (32, 63, 11, 12);
insert into basket_bouquets (id, client_id, bouquet_template_id, count) values (33, 100, 26, 5);
insert into basket_bouquets (id, client_id, bouquet_template_id, count) values (34, 160, 9, 17);
insert into basket_bouquets (id, client_id, bouquet_template_id, count) values (35, 24, 4, 9);
insert into basket_bouquets (id, client_id, bouquet_template_id, count) values (36, 171, 2, 19);
insert into basket_bouquets (id, client_id, bouquet_template_id, count) values (37, 88, 3, 4);
insert into basket_bouquets (id, client_id, bouquet_template_id, count) values (38, 120, 22, 6);
insert into basket_bouquets (id, client_id, bouquet_template_id, count) values (39, 28, 20, 1);
insert into basket_bouquets (id, client_id, bouquet_template_id, count) values (40, 120, 11, 3);
insert into basket_bouquets (id, client_id, bouquet_template_id, count) values (41, 181, 4, 16);
insert into basket_bouquets (id, client_id, bouquet_template_id, count) values (42, 147, 14, 11);
insert into basket_bouquets (id, client_id, bouquet_template_id, count) values (43, 160, 27, 16);
insert into basket_bouquets (id, client_id, bouquet_template_id, count) values (44, 88, 5, 12);
insert into basket_bouquets (id, client_id, bouquet_template_id, count) values (45, 52, 25, 3);
insert into basket_bouquets (id, client_id, bouquet_template_id, count) values (46, 181, 17, 6);
insert into basket_bouquets (id, client_id, bouquet_template_id, count) values (47, 10, 14, 9);
insert into basket_bouquets (id, client_id, bouquet_template_id, count) values (48, 45, 21, 19);
insert into basket_bouquets (id, client_id, bouquet_template_id, count) values (49, 192, 18, 8);
insert into basket_bouquets (id, client_id, bouquet_template_id, count) values (50, 78, 5, 20);
insert into basket_bouquets (id, client_id, bouquet_template_id, count) values (51, 119, 8, 10);
insert into basket_bouquets (id, client_id, bouquet_template_id, count) values (52, 64, 12, 5);
insert into basket_bouquets (id, client_id, bouquet_template_id, count) values (53, 141, 7, 9);
insert into basket_bouquets (id, client_id, bouquet_template_id, count) values (54, 122, 17, 16);
insert into basket_bouquets (id, client_id, bouquet_template_id, count) values (55, 187, 16, 3);
insert into basket_bouquets (id, client_id, bouquet_template_id, count) values (56, 129, 10, 4);
insert into basket_bouquets (id, client_id, bouquet_template_id, count) values (57, 27, 16, 18);
insert into basket_bouquets (id, client_id, bouquet_template_id, count) values (58, 129, 20, 13);
insert into basket_bouquets (id, client_id, bouquet_template_id, count) values (59, 181, 14, 9);
insert into basket_bouquets (id, client_id, bouquet_template_id, count) values (60, 180, 8, 20);
insert into basket_bouquets (id, client_id, bouquet_template_id, count) values (61, 113, 8, 12);
insert into basket_bouquets (id, client_id, bouquet_template_id, count) values (62, 12, 26, 20);
insert into basket_bouquets (id, client_id, bouquet_template_id, count) values (63, 118, 2, 5);
insert into basket_bouquets (id, client_id, bouquet_template_id, count) values (64, 17, 26, 6);
insert into basket_bouquets (id, client_id, bouquet_template_id, count) values (65, 107, 1, 14);
insert into basket_bouquets (id, client_id, bouquet_template_id, count) values (66, 9, 8, 2);
insert into basket_bouquets (id, client_id, bouquet_template_id, count) values (67, 175, 25, 12);
insert into basket_bouquets (id, client_id, bouquet_template_id, count) values (68, 114, 5, 15);
insert into basket_bouquets (id, client_id, bouquet_template_id, count) values (69, 45, 23, 18);
insert into basket_bouquets (id, client_id, bouquet_template_id, count) values (70, 158, 5, 8);
insert into basket_bouquets (id, client_id, bouquet_template_id, count) values (71, 102, 6, 18);
insert into basket_bouquets (id, client_id, bouquet_template_id, count) values (72, 181, 13, 13);
insert into basket_bouquets (id, client_id, bouquet_template_id, count) values (73, 59, 1, 5);
insert into basket_bouquets (id, client_id, bouquet_template_id, count) values (74, 146, 8, 20);
insert into basket_bouquets (id, client_id, bouquet_template_id, count) values (75, 15, 20, 12);
insert into basket_bouquets (id, client_id, bouquet_template_id, count) values (76, 197, 19, 8);
insert into basket_bouquets (id, client_id, bouquet_template_id, count) values (77, 89, 1, 20);
insert into basket_bouquets (id, client_id, bouquet_template_id, count) values (78, 7, 4, 12);
insert into basket_bouquets (id, client_id, bouquet_template_id, count) values (79, 171, 15, 2);
insert into basket_bouquets (id, client_id, bouquet_template_id, count) values (80, 125, 4, 7);
insert into basket_bouquets (id, client_id, bouquet_template_id, count) values (81, 170, 2, 7);
insert into basket_bouquets (id, client_id, bouquet_template_id, count) values (82, 189, 6, 4);
insert into basket_bouquets (id, client_id, bouquet_template_id, count) values (83, 88, 30, 12);
insert into basket_bouquets (id, client_id, bouquet_template_id, count) values (84, 7, 25, 16);
insert into basket_bouquets (id, client_id, bouquet_template_id, count) values (85, 176, 4, 12);
insert into basket_bouquets (id, client_id, bouquet_template_id, count) values (86, 168, 29, 18);
insert into basket_bouquets (id, client_id, bouquet_template_id, count) values (87, 43, 13, 20);
insert into basket_bouquets (id, client_id, bouquet_template_id, count) values (88, 86, 2, 17);
insert into basket_bouquets (id, client_id, bouquet_template_id, count) values (89, 7, 13, 13);
insert into basket_bouquets (id, client_id, bouquet_template_id, count) values (90, 52, 19, 15);
insert into basket_bouquets (id, client_id, bouquet_template_id, count) values (91, 180, 19, 1);
insert into basket_bouquets (id, client_id, bouquet_template_id, count) values (92, 44, 14, 12);
insert into basket_bouquets (id, client_id, bouquet_template_id, count) values (93, 26, 1, 13);
insert into basket_bouquets (id, client_id, bouquet_template_id, count) values (94, 168, 15, 18);
insert into basket_bouquets (id, client_id, bouquet_template_id, count) values (95, 98, 20, 13);
insert into basket_bouquets (id, client_id, bouquet_template_id, count) values (96, 168, 8, 3);
insert into basket_bouquets (id, client_id, bouquet_template_id, count) values (97, 93, 23, 8);
insert into basket_bouquets (id, client_id, bouquet_template_id, count) values (98, 12, 27, 17);
insert into basket_bouquets (id, client_id, bouquet_template_id, count) values (99, 5, 15, 1);
insert into basket_bouquets (id, client_id, bouquet_template_id, count) values (100, 38, 18, 4);
insert into basket_bouquets (id, client_id, bouquet_template_id, count) values (101, 151, 21, 13);
insert into basket_bouquets (id, client_id, bouquet_template_id, count) values (102, 107, 29, 8);
insert into basket_bouquets (id, client_id, bouquet_template_id, count) values (103, 139, 13, 14);
insert into basket_bouquets (id, client_id, bouquet_template_id, count) values (104, 184, 14, 12);
insert into basket_bouquets (id, client_id, bouquet_template_id, count) values (105, 65, 6, 8);
insert into basket_bouquets (id, client_id, bouquet_template_id, count) values (106, 68, 24, 19);
insert into basket_bouquets (id, client_id, bouquet_template_id, count) values (107, 69, 3, 14);
insert into basket_bouquets (id, client_id, bouquet_template_id, count) values (108, 173, 21, 14);
insert into basket_bouquets (id, client_id, bouquet_template_id, count) values (109, 5, 6, 1);
insert into basket_bouquets (id, client_id, bouquet_template_id, count) values (110, 89, 15, 10);
insert into basket_bouquets (id, client_id, bouquet_template_id, count) values (111, 51, 19, 16);
insert into basket_bouquets (id, client_id, bouquet_template_id, count) values (112, 55, 18, 11);
insert into basket_bouquets (id, client_id, bouquet_template_id, count) values (113, 42, 15, 18);
insert into basket_bouquets (id, client_id, bouquet_template_id, count) values (114, 91, 27, 10);
insert into basket_bouquets (id, client_id, bouquet_template_id, count) values (115, 92, 20, 6);
insert into basket_bouquets (id, client_id, bouquet_template_id, count) values (116, 43, 10, 1);
insert into basket_bouquets (id, client_id, bouquet_template_id, count) values (117, 23, 30, 20);
insert into basket_bouquets (id, client_id, bouquet_template_id, count) values (118, 176, 24, 8);
insert into basket_bouquets (id, client_id, bouquet_template_id, count) values (119, 76, 30, 4);
insert into basket_bouquets (id, client_id, bouquet_template_id, count) values (120, 192, 2, 12);
insert into basket_bouquets (id, client_id, bouquet_template_id, count) values (121, 114, 3, 1);
insert into basket_bouquets (id, client_id, bouquet_template_id, count) values (122, 176, 23, 9);
insert into basket_bouquets (id, client_id, bouquet_template_id, count) values (123, 118, 17, 19);
insert into basket_bouquets (id, client_id, bouquet_template_id, count) values (124, 87, 25, 15);
insert into basket_bouquets (id, client_id, bouquet_template_id, count) values (125, 165, 8, 12);
insert into basket_bouquets (id, client_id, bouquet_template_id, count) values (126, 30, 3, 17);
insert into basket_bouquets (id, client_id, bouquet_template_id, count) values (127, 66, 30, 10);
insert into basket_bouquets (id, client_id, bouquet_template_id, count) values (128, 121, 16, 9);
insert into basket_bouquets (id, client_id, bouquet_template_id, count) values (129, 77, 25, 15);
insert into basket_bouquets (id, client_id, bouquet_template_id, count) values (130, 43, 15, 15);
insert into basket_bouquets (id, client_id, bouquet_template_id, count) values (131, 140, 27, 10);
insert into basket_bouquets (id, client_id, bouquet_template_id, count) values (132, 153, 27, 14);
insert into basket_bouquets (id, client_id, bouquet_template_id, count) values (133, 24, 3, 3);
insert into basket_bouquets (id, client_id, bouquet_template_id, count) values (134, 129, 10, 2);
insert into basket_bouquets (id, client_id, bouquet_template_id, count) values (135, 30, 1, 14);
insert into basket_bouquets (id, client_id, bouquet_template_id, count) values (136, 2, 16, 8);
insert into basket_bouquets (id, client_id, bouquet_template_id, count) values (137, 70, 25, 12);
insert into basket_bouquets (id, client_id, bouquet_template_id, count) values (138, 58, 14, 10);
insert into basket_bouquets (id, client_id, bouquet_template_id, count) values (139, 55, 13, 18);
insert into basket_bouquets (id, client_id, bouquet_template_id, count) values (140, 167, 28, 6);
insert into basket_bouquets (id, client_id, bouquet_template_id, count) values (141, 40, 25, 1);
insert into basket_bouquets (id, client_id, bouquet_template_id, count) values (142, 193, 23, 1);
insert into basket_bouquets (id, client_id, bouquet_template_id, count) values (143, 89, 10, 6);
insert into basket_bouquets (id, client_id, bouquet_template_id, count) values (144, 95, 6, 12);
insert into basket_bouquets (id, client_id, bouquet_template_id, count) values (145, 31, 25, 11);
insert into basket_bouquets (id, client_id, bouquet_template_id, count) values (146, 148, 5, 17);
insert into basket_bouquets (id, client_id, bouquet_template_id, count) values (147, 137, 4, 18);
insert into basket_bouquets (id, client_id, bouquet_template_id, count) values (148, 88, 18, 1);
insert into basket_bouquets (id, client_id, bouquet_template_id, count) values (149, 121, 19, 12);
insert into basket_bouquets (id, client_id, bouquet_template_id, count) values (150, 42, 9, 2);
insert into basket_bouquets (id, client_id, bouquet_template_id, count) values (151, 45, 29, 3);
insert into basket_bouquets (id, client_id, bouquet_template_id, count) values (152, 124, 24, 12);
insert into basket_bouquets (id, client_id, bouquet_template_id, count) values (153, 109, 6, 12);
insert into basket_bouquets (id, client_id, bouquet_template_id, count) values (154, 173, 28, 2);
insert into basket_bouquets (id, client_id, bouquet_template_id, count) values (155, 108, 21, 13);
insert into basket_bouquets (id, client_id, bouquet_template_id, count) values (156, 100, 13, 3);
insert into basket_bouquets (id, client_id, bouquet_template_id, count) values (157, 63, 25, 14);
insert into basket_bouquets (id, client_id, bouquet_template_id, count) values (158, 13, 24, 13);
insert into basket_bouquets (id, client_id, bouquet_template_id, count) values (159, 114, 7, 16);
insert into basket_bouquets (id, client_id, bouquet_template_id, count) values (160, 2, 12, 8);
insert into basket_bouquets (id, client_id, bouquet_template_id, count) values (161, 129, 14, 9);
insert into basket_bouquets (id, client_id, bouquet_template_id, count) values (162, 169, 29, 7);
insert into basket_bouquets (id, client_id, bouquet_template_id, count) values (163, 7, 3, 3);
insert into basket_bouquets (id, client_id, bouquet_template_id, count) values (164, 174, 20, 3);
insert into basket_bouquets (id, client_id, bouquet_template_id, count) values (165, 108, 19, 9);
insert into basket_bouquets (id, client_id, bouquet_template_id, count) values (166, 36, 29, 1);
insert into basket_bouquets (id, client_id, bouquet_template_id, count) values (167, 119, 3, 7);
insert into basket_bouquets (id, client_id, bouquet_template_id, count) values (168, 192, 22, 11);
insert into basket_bouquets (id, client_id, bouquet_template_id, count) values (169, 185, 6, 16);
insert into basket_bouquets (id, client_id, bouquet_template_id, count) values (170, 42, 22, 2);
insert into basket_bouquets (id, client_id, bouquet_template_id, count) values (171, 129, 12, 19);
insert into basket_bouquets (id, client_id, bouquet_template_id, count) values (172, 53, 28, 18);
insert into basket_bouquets (id, client_id, bouquet_template_id, count) values (173, 186, 10, 10);
insert into basket_bouquets (id, client_id, bouquet_template_id, count) values (174, 151, 19, 5);
insert into basket_bouquets (id, client_id, bouquet_template_id, count) values (175, 149, 9, 18);
insert into basket_bouquets (id, client_id, bouquet_template_id, count) values (176, 33, 1, 13);
insert into basket_bouquets (id, client_id, bouquet_template_id, count) values (177, 40, 29, 2);
insert into basket_bouquets (id, client_id, bouquet_template_id, count) values (178, 189, 14, 18);
insert into basket_bouquets (id, client_id, bouquet_template_id, count) values (179, 24, 2, 15);
insert into basket_bouquets (id, client_id, bouquet_template_id, count) values (180, 169, 13, 13);
insert into basket_bouquets (id, client_id, bouquet_template_id, count) values (181, 166, 5, 5);
insert into basket_bouquets (id, client_id, bouquet_template_id, count) values (182, 57, 18, 1);
insert into basket_bouquets (id, client_id, bouquet_template_id, count) values (183, 50, 13, 12);
insert into basket_bouquets (id, client_id, bouquet_template_id, count) values (184, 27, 14, 9);
insert into basket_bouquets (id, client_id, bouquet_template_id, count) values (185, 118, 18, 3);
insert into basket_bouquets (id, client_id, bouquet_template_id, count) values (186, 148, 15, 13);
insert into basket_bouquets (id, client_id, bouquet_template_id, count) values (187, 167, 10, 4);
insert into basket_bouquets (id, client_id, bouquet_template_id, count) values (188, 80, 29, 6);
insert into basket_bouquets (id, client_id, bouquet_template_id, count) values (189, 109, 18, 11);
insert into basket_bouquets (id, client_id, bouquet_template_id, count) values (190, 37, 6, 10);
insert into basket_bouquets (id, client_id, bouquet_template_id, count) values (191, 142, 7, 9);
insert into basket_bouquets (id, client_id, bouquet_template_id, count) values (192, 188, 23, 9);
insert into basket_bouquets (id, client_id, bouquet_template_id, count) values (193, 136, 13, 9);
insert into basket_bouquets (id, client_id, bouquet_template_id, count) values (194, 117, 21, 12);
insert into basket_bouquets (id, client_id, bouquet_template_id, count) values (195, 72, 15, 3);
insert into basket_bouquets (id, client_id, bouquet_template_id, count) values (196, 73, 25, 6);
insert into basket_bouquets (id, client_id, bouquet_template_id, count) values (197, 8, 6, 1);
insert into basket_bouquets (id, client_id, bouquet_template_id, count) values (198, 105, 7, 4);
insert into basket_bouquets (id, client_id, bouquet_template_id, count) values (199, 96, 15, 8);
insert into basket_bouquets (id, client_id, bouquet_template_id, count) values (200, 131, 19, 9);


insert into basket_accessories (id, client_id, accessory_id, count) values (1, 13, 3, 16);
insert into basket_accessories (id, client_id, accessory_id, count) values (2, 169, 5, 11);
insert into basket_accessories (id, client_id, accessory_id, count) values (3, 71, 8, 5);
insert into basket_accessories (id, client_id, accessory_id, count) values (4, 103, 7, 10);
insert into basket_accessories (id, client_id, accessory_id, count) values (5, 187, 4, 8);
insert into basket_accessories (id, client_id, accessory_id, count) values (6, 113, 3, 6);
insert into basket_accessories (id, client_id, accessory_id, count) values (7, 141, 3, 9);
insert into basket_accessories (id, client_id, accessory_id, count) values (8, 157, 6, 16);
insert into basket_accessories (id, client_id, accessory_id, count) values (9, 143, 7, 10);
insert into basket_accessories (id, client_id, accessory_id, count) values (10, 119, 8, 5);
insert into basket_accessories (id, client_id, accessory_id, count) values (11, 96, 1, 3);
insert into basket_accessories (id, client_id, accessory_id, count) values (12, 128, 9, 10);
insert into basket_accessories (id, client_id, accessory_id, count) values (13, 188, 3, 18);
insert into basket_accessories (id, client_id, accessory_id, count) values (14, 132, 1, 13);
insert into basket_accessories (id, client_id, accessory_id, count) values (15, 118, 8, 19);
insert into basket_accessories (id, client_id, accessory_id, count) values (16, 11, 8, 16);
insert into basket_accessories (id, client_id, accessory_id, count) values (17, 29, 6, 3);
insert into basket_accessories (id, client_id, accessory_id, count) values (18, 125, 8, 15);
insert into basket_accessories (id, client_id, accessory_id, count) values (19, 103, 3, 17);
insert into basket_accessories (id, client_id, accessory_id, count) values (20, 113, 8, 12);
insert into basket_accessories (id, client_id, accessory_id, count) values (21, 13, 4, 5);
insert into basket_accessories (id, client_id, accessory_id, count) values (22, 172, 7, 7);
insert into basket_accessories (id, client_id, accessory_id, count) values (23, 155, 9, 7);
insert into basket_accessories (id, client_id, accessory_id, count) values (24, 112, 8, 1);
insert into basket_accessories (id, client_id, accessory_id, count) values (25, 142, 4, 11);
insert into basket_accessories (id, client_id, accessory_id, count) values (26, 44, 1, 17);
insert into basket_accessories (id, client_id, accessory_id, count) values (27, 75, 3, 15);
insert into basket_accessories (id, client_id, accessory_id, count) values (28, 2, 1, 13);
insert into basket_accessories (id, client_id, accessory_id, count) values (29, 56, 1, 14);
insert into basket_accessories (id, client_id, accessory_id, count) values (30, 168, 3, 2);



insert into purchases (id, client_id, purchase_type_id, employee_id, date, nulled) values (1, 85, 2, NULL, '2017-7-23', null);
insert into purchases (id, client_id, purchase_type_id, employee_id, date, nulled) values (2, 89, 2, NULL, '2017-8-8', null);
insert into purchases (id, client_id, purchase_type_id, employee_id, date, nulled) values (3, 184, 1, NULL, '2015-12-4', null);
insert into purchases (id, client_id, purchase_type_id, employee_id, date, nulled) values (4, 8, 3, NULL, '2015-12-19', null);
insert into purchases (id, client_id, purchase_type_id, employee_id, date, nulled) values (5, 146, 2, NULL, '2017-8-1', null);
insert into purchases (id, client_id, purchase_type_id, employee_id, date, nulled) values (6, 159, 2, NULL, '2015-11-12', null);
insert into purchases (id, client_id, purchase_type_id, employee_id, date, nulled) values (7, 113, 1, NULL, '2016-8-24', null);
insert into purchases (id, client_id, purchase_type_id, employee_id, date, nulled) values (8, 33, 2, NULL, '2017-6-28', null);
insert into purchases (id, client_id, purchase_type_id, employee_id, date, nulled) values (9, 9, 2, NULL, '2017-9-12', null);
insert into purchases (id, client_id, purchase_type_id, employee_id, date, nulled) values (10, 119, 3, NULL, '2017-10-5', null);
insert into purchases (id, client_id, purchase_type_id, employee_id, date, nulled) values (11, 89, 1, NULL, '2016-12-19', null);
insert into purchases (id, client_id, purchase_type_id, employee_id, date, nulled) values (12, 52, 2, NULL, '2015-11-1', null);
insert into purchases (id, client_id, purchase_type_id, employee_id, date, nulled) values (13, 16, 3, NULL, '2017-7-12', null);
insert into purchases (id, client_id, purchase_type_id, employee_id, date, nulled) values (14, 88, 1, NULL, '2017-10-10', null);
insert into purchases (id, client_id, purchase_type_id, employee_id, date, nulled) values (15, 13, 3, NULL, '2016-7-28', null);
insert into purchases (id, client_id, purchase_type_id, employee_id, date, nulled) values (16, 182, 2, NULL, '2016-12-26', null);
insert into purchases (id, client_id, purchase_type_id, employee_id, date, nulled) values (17, 166, 2, NULL, '2017-4-12', null);
insert into purchases (id, client_id, purchase_type_id, employee_id, date, nulled) values (18, 180, 1, NULL, '2017-3-21', null);
insert into purchases (id, client_id, purchase_type_id, employee_id, date, nulled) values (19, 61, 1, NULL, '2017-1-31', null);
insert into purchases (id, client_id, purchase_type_id, employee_id, date, nulled) values (20, 197, 2, NULL, '2016-6-17', null);
insert into purchases (id, client_id, purchase_type_id, employee_id, date, nulled) values (21, 69, 3, NULL, '2017-3-21', '2017-1-6');
insert into purchases (id, client_id, purchase_type_id, employee_id, date, nulled) values (22, 104, 3, NULL, '2016-6-18', null);
insert into purchases (id, client_id, purchase_type_id, employee_id, date, nulled) values (23, 109, 2, NULL, '2016-5-17', null);
insert into purchases (id, client_id, purchase_type_id, employee_id, date, nulled) values (24, 149, 2, NULL, '2016-7-3', null);
insert into purchases (id, client_id, purchase_type_id, employee_id, date, nulled) values (25, 122, 2, NULL, '2015-11-24', null);
insert into purchases (id, client_id, purchase_type_id, employee_id, date, nulled) values (26, 142, 1, NULL, '2016-6-1', null);
insert into purchases (id, client_id, purchase_type_id, employee_id, date, nulled) values (27, 50, 3, NULL, '2017-5-31', null);
insert into purchases (id, client_id, purchase_type_id, employee_id, date, nulled) values (28, 160, 1, NULL, '2016-3-27', null);
insert into purchases (id, client_id, purchase_type_id, employee_id, date, nulled) values (29, 4, 3, NULL, '2017-9-30', null);
insert into purchases (id, client_id, purchase_type_id, employee_id, date, nulled) values (30, 126, 2, NULL, '2017-1-1', null);
insert into purchases (id, client_id, purchase_type_id, employee_id, date, nulled) values (31, 9, 2, NULL, '2017-3-6', null);
insert into purchases (id, client_id, purchase_type_id, employee_id, date, nulled) values (32, 183, 2, NULL, '2016-12-7', null);
insert into purchases (id, client_id, purchase_type_id, employee_id, date, nulled) values (33, 24, 2, NULL, '2016-1-5', null);
insert into purchases (id, client_id, purchase_type_id, employee_id, date, nulled) values (34, 57, 2, NULL, '2017-8-31', null);
insert into purchases (id, client_id, purchase_type_id, employee_id, date, nulled) values (35, 99, 2, NULL, '2017-1-31', null);
insert into purchases (id, client_id, purchase_type_id, employee_id, date, nulled) values (36, 127, 2, NULL, '2016-6-27', '2015-10-30');
insert into purchases (id, client_id, purchase_type_id, employee_id, date, nulled) values (37, 72, 3, NULL, '2016-10-8', null);
insert into purchases (id, client_id, purchase_type_id, employee_id, date, nulled) values (38, 2, 3, NULL, '2016-12-12', null);
insert into purchases (id, client_id, purchase_type_id, employee_id, date, nulled) values (39, 65, 1, NULL, '2016-7-29', null);
insert into purchases (id, client_id, purchase_type_id, employee_id, date, nulled) values (40, 54, 2, NULL, '2015-12-17', null);
insert into purchases (id, client_id, purchase_type_id, employee_id, date, nulled) values (41, 101, 2, NULL, '2016-12-15', null);
insert into purchases (id, client_id, purchase_type_id, employee_id, date, nulled) values (42, 159, 2, NULL, '2017-2-1', null);
insert into purchases (id, client_id, purchase_type_id, employee_id, date, nulled) values (43, 179, 2, NULL, '2016-8-19', null);
insert into purchases (id, client_id, purchase_type_id, employee_id, date, nulled) values (44, 51, 3, NULL, '2017-1-31', null);
insert into purchases (id, client_id, purchase_type_id, employee_id, date, nulled) values (45, 114, 3, NULL, '2016-8-1', null);
insert into purchases (id, client_id, purchase_type_id, employee_id, date, nulled) values (46, 115, 3, NULL, '2016-12-26', null);
insert into purchases (id, client_id, purchase_type_id, employee_id, date, nulled) values (47, 150, 2, NULL, '2017-1-8', null);
insert into purchases (id, client_id, purchase_type_id, employee_id, date, nulled) values (48, 50, 2, NULL, '2017-6-9', null);
insert into purchases (id, client_id, purchase_type_id, employee_id, date, nulled) values (49, 103, 2, NULL, '2017-3-13', null);
insert into purchases (id, client_id, purchase_type_id, employee_id, date, nulled) values (50, 162, 1, NULL, '2017-4-4', null);
insert into purchases (id, client_id, purchase_type_id, employee_id, date, nulled) values (51, 70, 3, NULL, '2017-6-29', null);
insert into purchases (id, client_id, purchase_type_id, employee_id, date, nulled) values (52, 159, 2, NULL, '2017-1-4', null);
insert into purchases (id, client_id, purchase_type_id, employee_id, date, nulled) values (53, 59, 2, NULL, '2017-2-14', null);
insert into purchases (id, client_id, purchase_type_id, employee_id, date, nulled) values (54, 151, 1, NULL, '2016-1-30', '2016-2-14');
insert into purchases (id, client_id, purchase_type_id, employee_id, date, nulled) values (55, 30, 3, NULL, '2016-9-5', null);
insert into purchases (id, client_id, purchase_type_id, employee_id, date, nulled) values (56, 185, 1, NULL, '2017-6-17', '2017-4-15');
insert into purchases (id, client_id, purchase_type_id, employee_id, date, nulled) values (57, 19, 1, NULL, '2016-1-22', null);
insert into purchases (id, client_id, purchase_type_id, employee_id, date, nulled) values (58, 73, 2, NULL, '2016-4-21', null);
insert into purchases (id, client_id, purchase_type_id, employee_id, date, nulled) values (59, 36, 2, NULL, '2016-5-30', null);
insert into purchases (id, client_id, purchase_type_id, employee_id, date, nulled) values (60, 40, 3, NULL, '2017-1-11', null);
insert into purchases (id, client_id, purchase_type_id, employee_id, date, nulled) values (61, 172, 2, NULL, '2016-2-23', null);
insert into purchases (id, client_id, purchase_type_id, employee_id, date, nulled) values (62, 40, 2, NULL, '2017-2-22', null);
insert into purchases (id, client_id, purchase_type_id, employee_id, date, nulled) values (63, 60, 2, NULL, '2016-2-26', '2017-10-19');
insert into purchases (id, client_id, purchase_type_id, employee_id, date, nulled) values (64, 189, 3, NULL, '2017-5-13', null);
insert into purchases (id, client_id, purchase_type_id, employee_id, date, nulled) values (65, 195, 3, NULL, '2017-8-11', null);
insert into purchases (id, client_id, purchase_type_id, employee_id, date, nulled) values (66, 47, 3, NULL, '2016-7-3', null);
insert into purchases (id, client_id, purchase_type_id, employee_id, date, nulled) values (67, 64, 2, NULL, '2017-2-4', null);
insert into purchases (id, client_id, purchase_type_id, employee_id, date, nulled) values (68, 43, 2, NULL, '2016-11-21', null);
insert into purchases (id, client_id, purchase_type_id, employee_id, date, nulled) values (69, 183, 2, NULL, '2016-2-29', null);
insert into purchases (id, client_id, purchase_type_id, employee_id, date, nulled) values (70, 126, 3, NULL, '2017-3-4', null);
insert into purchases (id, client_id, purchase_type_id, employee_id, date, nulled) values (71, 140, 3, NULL, '2017-1-30', '2016-7-20');
insert into purchases (id, client_id, purchase_type_id, employee_id, date, nulled) values (72, 42, 2, NULL, '2016-2-22', null);
insert into purchases (id, client_id, purchase_type_id, employee_id, date, nulled) values (73, 56, 1, NULL, '2017-7-25', null);
insert into purchases (id, client_id, purchase_type_id, employee_id, date, nulled) values (74, 51, 1, NULL, '2016-10-31', '2016-10-14');
insert into purchases (id, client_id, purchase_type_id, employee_id, date, nulled) values (75, 11, 2, NULL, '2016-3-8', null);
insert into purchases (id, client_id, purchase_type_id, employee_id, date, nulled) values (76, 159, 3, NULL, '2017-1-4', null);
insert into purchases (id, client_id, purchase_type_id, employee_id, date, nulled) values (77, 98, 2, NULL, '2015-12-11', null);
insert into purchases (id, client_id, purchase_type_id, employee_id, date, nulled) values (78, 140, 2, NULL, '2016-9-21', '2016-5-10');
insert into purchases (id, client_id, purchase_type_id, employee_id, date, nulled) values (79, 178, 2, NULL, '2016-8-3', null);
insert into purchases (id, client_id, purchase_type_id, employee_id, date, nulled) values (80, 116, 2, NULL, '2015-11-9', '2016-8-23');
insert into purchases (id, client_id, purchase_type_id, employee_id, date, nulled) values (81, 75, 2, NULL, '2016-3-5', '2017-9-27');
insert into purchases (id, client_id, purchase_type_id, employee_id, date, nulled) values (82, 123, 1, NULL, '2015-11-13', null);
insert into purchases (id, client_id, purchase_type_id, employee_id, date, nulled) values (83, 102, 2, NULL, '2017-3-9', null);
insert into purchases (id, client_id, purchase_type_id, employee_id, date, nulled) values (84, 15, 2, NULL, '2017-9-29', null);
insert into purchases (id, client_id, purchase_type_id, employee_id, date, nulled) values (85, 9, 1, NULL, '2017-5-18', null);
insert into purchases (id, client_id, purchase_type_id, employee_id, date, nulled) values (86, 66, 3, NULL, '2017-8-25', null);
insert into purchases (id, client_id, purchase_type_id, employee_id, date, nulled) values (87, 95, 2, NULL, '2016-7-7', null);
insert into purchases (id, client_id, purchase_type_id, employee_id, date, nulled) values (88, 58, 3, NULL, '2015-11-25', null);
insert into purchases (id, client_id, purchase_type_id, employee_id, date, nulled) values (89, 90, 3, NULL, '2015-11-5', null);
insert into purchases (id, client_id, purchase_type_id, employee_id, date, nulled) values (90, 66, 3, NULL, '2015-12-17', '2016-2-23');
insert into purchases (id, client_id, purchase_type_id, employee_id, date, nulled) values (91, 155, 2, NULL, '2016-12-10', null);
insert into purchases (id, client_id, purchase_type_id, employee_id, date, nulled) values (92, 18, 3, NULL, '2016-8-13', '2016-4-27');
insert into purchases (id, client_id, purchase_type_id, employee_id, date, nulled) values (93, 153, 2, NULL, '2016-2-4', '2016-7-17');
insert into purchases (id, client_id, purchase_type_id, employee_id, date, nulled) values (94, 121, 2, NULL, '2016-11-4', null);
insert into purchases (id, client_id, purchase_type_id, employee_id, date, nulled) values (95, 61, 2, NULL, '2016-12-7', null);
insert into purchases (id, client_id, purchase_type_id, employee_id, date, nulled) values (96, 24, 3, NULL, '2016-6-22', '2016-8-7');
insert into purchases (id, client_id, purchase_type_id, employee_id, date, nulled) values (97, 191, 2, NULL, '2017-1-4', null);
insert into purchases (id, client_id, purchase_type_id, employee_id, date, nulled) values (98, 151, 3, NULL, '2017-5-5', null);
insert into purchases (id, client_id, purchase_type_id, employee_id, date, nulled) values (99, 118, 2, NULL, '2017-10-27', null);
insert into purchases (id, client_id, purchase_type_id, employee_id, date, nulled) values (100, 41, 3, NULL, '2017-9-1', null);

UPDATE purchases SET employee_id = 9 + (client_id % 10) WHERE purchase_type_id = 3 OR purchase_type_id = 1;
UPDATE purchases SET client_id = NULL WHERE purchase_type_id = 3;

insert into accessories_purchased (id, accessory_id, purchase_id, price, count) values (1, 2, 64, 421, 4);
insert into accessories_purchased (id, accessory_id, purchase_id, price, count) values (2, 3, 51, 235, 2);
insert into accessories_purchased (id, accessory_id, purchase_id, price, count) values (3, 4, 38, 223, 3);
insert into accessories_purchased (id, accessory_id, purchase_id, price, count) values (4, 7, 46, 169, 5);
insert into accessories_purchased (id, accessory_id, purchase_id, price, count) values (5, 3, 9, 221, 3);
insert into accessories_purchased (id, accessory_id, purchase_id, price, count) values (6, 6, 99, 175, 3);
insert into accessories_purchased (id, accessory_id, purchase_id, price, count) values (7, 5, 6, 440, 3);
insert into accessories_purchased (id, accessory_id, purchase_id, price, count) values (8, 5, 10, 489, 5);
insert into accessories_purchased (id, accessory_id, purchase_id, price, count) values (9, 6, 38, 191, 5);
insert into accessories_purchased (id, accessory_id, purchase_id, price, count) values (10, 3, 57, 366, 5);
insert into accessories_purchased (id, accessory_id, purchase_id, price, count) values (11, 5, 60, 220, 4);
insert into accessories_purchased (id, accessory_id, purchase_id, price, count) values (12, 3, 23, 238, 2);
insert into accessories_purchased (id, accessory_id, purchase_id, price, count) values (13, 8, 44, 246, 4);
insert into accessories_purchased (id, accessory_id, purchase_id, price, count) values (14, 4, 82, 126, 2);
insert into accessories_purchased (id, accessory_id, purchase_id, price, count) values (15, 1, 26, 354, 4);
insert into accessories_purchased (id, accessory_id, purchase_id, price, count) values (16, 4, 9, 125, 4);
insert into accessories_purchased (id, accessory_id, purchase_id, price, count) values (17, 4, 23, 402, 2);
insert into accessories_purchased (id, accessory_id, purchase_id, price, count) values (18, 1, 9, 113, 2);
insert into accessories_purchased (id, accessory_id, purchase_id, price, count) values (19, 4, 80, 352, 4);
insert into accessories_purchased (id, accessory_id, purchase_id, price, count) values (20, 5, 52, 379, 3);
insert into accessories_purchased (id, accessory_id, purchase_id, price, count) values (21, 9, 83, 273, 5);
insert into accessories_purchased (id, accessory_id, purchase_id, price, count) values (22, 8, 37, 200, 2);
insert into accessories_purchased (id, accessory_id, purchase_id, price, count) values (23, 9, 81, 313, 1);
insert into accessories_purchased (id, accessory_id, purchase_id, price, count) values (24, 3, 82, 106, 3);
insert into accessories_purchased (id, accessory_id, purchase_id, price, count) values (25, 3, 13, 148, 4);
insert into accessories_purchased (id, accessory_id, purchase_id, price, count) values (26, 8, 70, 106, 1);
insert into accessories_purchased (id, accessory_id, purchase_id, price, count) values (27, 1, 16, 259, 5);
insert into accessories_purchased (id, accessory_id, purchase_id, price, count) values (28, 6, 76, 210, 2);
insert into accessories_purchased (id, accessory_id, purchase_id, price, count) values (29, 6, 76, 415, 3);
insert into accessories_purchased (id, accessory_id, purchase_id, price, count) values (30, 8, 83, 267, 5);


insert into bouquets (id, bouquet_template_id, purchase_id, price, count) values (1, 15, 44, 341, 4);
insert into bouquets (id, bouquet_template_id, purchase_id, price, count) values (2, 1, 21, 317, 1);
insert into bouquets (id, bouquet_template_id, purchase_id, price, count) values (3, 23, 81, 243, 3);
insert into bouquets (id, bouquet_template_id, purchase_id, price, count) values (4, 5, 48, 131, 1);
insert into bouquets (id, bouquet_template_id, purchase_id, price, count) values (5, 17, 1, 235, 1);
insert into bouquets (id, bouquet_template_id, purchase_id, price, count) values (6, 2, 88, 374, 2);
insert into bouquets (id, bouquet_template_id, purchase_id, price, count) values (7, 5, 18, 245, 2);
insert into bouquets (id, bouquet_template_id, purchase_id, price, count) values (8, 15, 44, 368, 3);
insert into bouquets (id, bouquet_template_id, purchase_id, price, count) values (9, 6, 94, 417, 4);
insert into bouquets (id, bouquet_template_id, purchase_id, price, count) values (10, 23, 76, 170, 4);
insert into bouquets (id, bouquet_template_id, purchase_id, price, count) values (11, 3, 7, 448, 3);
insert into bouquets (id, bouquet_template_id, purchase_id, price, count) values (12, 1, 56, 165, 4);
insert into bouquets (id, bouquet_template_id, purchase_id, price, count) values (13, 10, 59, 289, 5);
insert into bouquets (id, bouquet_template_id, purchase_id, price, count) values (14, 25, 38, 294, 5);
insert into bouquets (id, bouquet_template_id, purchase_id, price, count) values (15, 22, 74, 140, 4);
insert into bouquets (id, bouquet_template_id, purchase_id, price, count) values (16, 25, 53, 231, 3);
insert into bouquets (id, bouquet_template_id, purchase_id, price, count) values (17, 11, 62, 272, 4);
insert into bouquets (id, bouquet_template_id, purchase_id, price, count) values (18, 28, 11, 266, 2);
insert into bouquets (id, bouquet_template_id, purchase_id, price, count) values (19, 11, 98, 398, 2);
insert into bouquets (id, bouquet_template_id, purchase_id, price, count) values (20, 29, 51, 171, 4);
insert into bouquets (id, bouquet_template_id, purchase_id, price, count) values (21, 17, 26, 402, 2);
insert into bouquets (id, bouquet_template_id, purchase_id, price, count) values (22, 27, 65, 153, 3);
insert into bouquets (id, bouquet_template_id, purchase_id, price, count) values (23, 2, 78, 159, 3);
insert into bouquets (id, bouquet_template_id, purchase_id, price, count) values (24, 9, 16, 335, 1);
insert into bouquets (id, bouquet_template_id, purchase_id, price, count) values (25, 9, 2, 257, 3);
insert into bouquets (id, bouquet_template_id, purchase_id, price, count) values (26, 4, 59, 342, 3);
insert into bouquets (id, bouquet_template_id, purchase_id, price, count) values (27, 1, 93, 459, 1);
insert into bouquets (id, bouquet_template_id, purchase_id, price, count) values (28, 9, 26, 493, 4);
insert into bouquets (id, bouquet_template_id, purchase_id, price, count) values (29, 2, 69, 137, 2);
insert into bouquets (id, bouquet_template_id, purchase_id, price, count) values (30, 1, 77, 341, 1);
insert into bouquets (id, bouquet_template_id, purchase_id, price, count) values (31, 8, 6, 235, 5);
insert into bouquets (id, bouquet_template_id, purchase_id, price, count) values (32, 4, 53, 330, 3);
insert into bouquets (id, bouquet_template_id, purchase_id, price, count) values (33, 10, 82, 389, 2);
insert into bouquets (id, bouquet_template_id, purchase_id, price, count) values (34, 22, 47, 478, 5);
insert into bouquets (id, bouquet_template_id, purchase_id, price, count) values (35, 14, 16, 184, 5);
insert into bouquets (id, bouquet_template_id, purchase_id, price, count) values (36, 13, 34, 400, 5);
insert into bouquets (id, bouquet_template_id, purchase_id, price, count) values (37, 10, 41, 101, 1);
insert into bouquets (id, bouquet_template_id, purchase_id, price, count) values (38, 19, 26, 460, 1);
insert into bouquets (id, bouquet_template_id, purchase_id, price, count) values (39, 30, 39, 199, 5);
insert into bouquets (id, bouquet_template_id, purchase_id, price, count) values (40, 3, 86, 280, 2);
insert into bouquets (id, bouquet_template_id, purchase_id, price, count) values (41, 17, 80, 196, 2);
insert into bouquets (id, bouquet_template_id, purchase_id, price, count) values (42, 21, 56, 131, 3);
insert into bouquets (id, bouquet_template_id, purchase_id, price, count) values (43, 17, 40, 499, 3);
insert into bouquets (id, bouquet_template_id, purchase_id, price, count) values (44, 4, 39, 210, 5);
insert into bouquets (id, bouquet_template_id, purchase_id, price, count) values (45, 13, 50, 429, 3);
insert into bouquets (id, bouquet_template_id, purchase_id, price, count) values (46, 28, 79, 343, 1);
insert into bouquets (id, bouquet_template_id, purchase_id, price, count) values (47, 9, 59, 370, 1);
insert into bouquets (id, bouquet_template_id, purchase_id, price, count) values (48, 16, 77, 121, 4);
insert into bouquets (id, bouquet_template_id, purchase_id, price, count) values (49, 10, 20, 195, 3);
insert into bouquets (id, bouquet_template_id, purchase_id, price, count) values (50, 15, 98, 269, 5);
insert into bouquets (id, bouquet_template_id, purchase_id, price, count) values (51, 14, 97, 160, 5);
insert into bouquets (id, bouquet_template_id, purchase_id, price, count) values (52, 20, 47, 144, 2);
insert into bouquets (id, bouquet_template_id, purchase_id, price, count) values (53, 2, 58, 137, 1);
insert into bouquets (id, bouquet_template_id, purchase_id, price, count) values (54, 12, 21, 318, 3);
insert into bouquets (id, bouquet_template_id, purchase_id, price, count) values (55, 23, 59, 394, 4);
insert into bouquets (id, bouquet_template_id, purchase_id, price, count) values (56, 21, 54, 234, 1);
insert into bouquets (id, bouquet_template_id, purchase_id, price, count) values (57, 24, 21, 115, 3);
insert into bouquets (id, bouquet_template_id, purchase_id, price, count) values (58, 20, 27, 157, 1);
insert into bouquets (id, bouquet_template_id, purchase_id, price, count) values (59, 4, 87, 310, 2);
insert into bouquets (id, bouquet_template_id, purchase_id, price, count) values (60, 2, 25, 425, 5);
insert into bouquets (id, bouquet_template_id, purchase_id, price, count) values (61, 17, 65, 342, 2);
insert into bouquets (id, bouquet_template_id, purchase_id, price, count) values (62, 12, 24, 247, 2);
insert into bouquets (id, bouquet_template_id, purchase_id, price, count) values (63, 5, 11, 178, 4);
insert into bouquets (id, bouquet_template_id, purchase_id, price, count) values (64, 23, 15, 496, 2);
insert into bouquets (id, bouquet_template_id, purchase_id, price, count) values (65, 20, 5, 313, 2);
insert into bouquets (id, bouquet_template_id, purchase_id, price, count) values (66, 19, 7, 138, 3);
insert into bouquets (id, bouquet_template_id, purchase_id, price, count) values (67, 18, 48, 408, 4);
insert into bouquets (id, bouquet_template_id, purchase_id, price, count) values (68, 9, 95, 240, 2);
insert into bouquets (id, bouquet_template_id, purchase_id, price, count) values (69, 28, 64, 383, 3);
insert into bouquets (id, bouquet_template_id, purchase_id, price, count) values (70, 2, 6, 194, 5);
insert into bouquets (id, bouquet_template_id, purchase_id, price, count) values (71, 18, 50, 461, 5);
insert into bouquets (id, bouquet_template_id, purchase_id, price, count) values (72, 10, 24, 415, 3);
insert into bouquets (id, bouquet_template_id, purchase_id, price, count) values (73, 1, 96, 239, 3);
insert into bouquets (id, bouquet_template_id, purchase_id, price, count) values (74, 7, 11, 361, 3);
insert into bouquets (id, bouquet_template_id, purchase_id, price, count) values (75, 3, 9, 345, 1);
insert into bouquets (id, bouquet_template_id, purchase_id, price, count) values (76, 21, 15, 173, 4);
insert into bouquets (id, bouquet_template_id, purchase_id, price, count) values (77, 12, 41, 265, 5);
insert into bouquets (id, bouquet_template_id, purchase_id, price, count) values (78, 25, 95, 303, 3);
insert into bouquets (id, bouquet_template_id, purchase_id, price, count) values (79, 6, 90, 394, 3);
insert into bouquets (id, bouquet_template_id, purchase_id, price, count) values (80, 15, 75, 360, 3);
insert into bouquets (id, bouquet_template_id, purchase_id, price, count) values (81, 2, 41, 182, 5);
insert into bouquets (id, bouquet_template_id, purchase_id, price, count) values (82, 2, 95, 327, 2);
insert into bouquets (id, bouquet_template_id, purchase_id, price, count) values (83, 25, 27, 298, 5);
insert into bouquets (id, bouquet_template_id, purchase_id, price, count) values (84, 24, 84, 273, 5);
insert into bouquets (id, bouquet_template_id, purchase_id, price, count) values (85, 4, 44, 390, 4);
insert into bouquets (id, bouquet_template_id, purchase_id, price, count) values (86, 26, 66, 334, 2);
insert into bouquets (id, bouquet_template_id, purchase_id, price, count) values (87, 24, 37, 226, 4);
insert into bouquets (id, bouquet_template_id, purchase_id, price, count) values (88, 10, 2, 328, 2);
insert into bouquets (id, bouquet_template_id, purchase_id, price, count) values (89, 9, 56, 183, 5);
insert into bouquets (id, bouquet_template_id, purchase_id, price, count) values (90, 18, 59, 422, 4);
insert into bouquets (id, bouquet_template_id, purchase_id, price, count) values (91, 28, 67, 378, 4);
insert into bouquets (id, bouquet_template_id, purchase_id, price, count) values (92, 17, 9, 171, 1);
insert into bouquets (id, bouquet_template_id, purchase_id, price, count) values (93, 2, 90, 412, 4);
insert into bouquets (id, bouquet_template_id, purchase_id, price, count) values (94, 23, 65, 216, 3);
insert into bouquets (id, bouquet_template_id, purchase_id, price, count) values (95, 15, 28, 260, 1);
insert into bouquets (id, bouquet_template_id, purchase_id, price, count) values (96, 5, 93, 206, 3);
insert into bouquets (id, bouquet_template_id, purchase_id, price, count) values (97, 15, 49, 115, 3);
insert into bouquets (id, bouquet_template_id, purchase_id, price, count) values (98, 29, 78, 394, 3);
insert into bouquets (id, bouquet_template_id, purchase_id, price, count) values (99, 1, 47, 485, 3);
insert into bouquets (id, bouquet_template_id, purchase_id, price, count) values (100, 7, 94, 247, 3);
insert into bouquets (id, bouquet_template_id, purchase_id, price, count) values (101, 18, 81, 225, 1);
insert into bouquets (id, bouquet_template_id, purchase_id, price, count) values (102, 2, 43, 417, 4);
insert into bouquets (id, bouquet_template_id, purchase_id, price, count) values (103, 26, 85, 403, 5);
insert into bouquets (id, bouquet_template_id, purchase_id, price, count) values (104, 18, 91, 295, 2);
insert into bouquets (id, bouquet_template_id, purchase_id, price, count) values (105, 28, 5, 298, 4);
insert into bouquets (id, bouquet_template_id, purchase_id, price, count) values (106, 3, 59, 309, 3);
insert into bouquets (id, bouquet_template_id, purchase_id, price, count) values (107, 27, 96, 156, 5);
insert into bouquets (id, bouquet_template_id, purchase_id, price, count) values (108, 9, 97, 323, 4);
insert into bouquets (id, bouquet_template_id, purchase_id, price, count) values (109, 21, 41, 397, 3);
insert into bouquets (id, bouquet_template_id, purchase_id, price, count) values (110, 5, 2, 116, 2);
insert into bouquets (id, bouquet_template_id, purchase_id, price, count) values (111, 23, 22, 349, 5);
insert into bouquets (id, bouquet_template_id, purchase_id, price, count) values (112, 16, 76, 392, 3);
insert into bouquets (id, bouquet_template_id, purchase_id, price, count) values (113, 19, 44, 144, 3);
insert into bouquets (id, bouquet_template_id, purchase_id, price, count) values (114, 4, 60, 435, 5);
insert into bouquets (id, bouquet_template_id, purchase_id, price, count) values (115, 22, 13, 377, 1);
insert into bouquets (id, bouquet_template_id, purchase_id, price, count) values (116, 28, 94, 174, 5);
insert into bouquets (id, bouquet_template_id, purchase_id, price, count) values (117, 23, 96, 458, 5);
insert into bouquets (id, bouquet_template_id, purchase_id, price, count) values (118, 6, 72, 261, 5);
insert into bouquets (id, bouquet_template_id, purchase_id, price, count) values (119, 20, 38, 482, 4);
insert into bouquets (id, bouquet_template_id, purchase_id, price, count) values (120, 25, 80, 355, 3);
insert into bouquets (id, bouquet_template_id, purchase_id, price, count) values (121, 10, 82, 359, 5);
insert into bouquets (id, bouquet_template_id, purchase_id, price, count) values (122, 24, 84, 361, 4);
insert into bouquets (id, bouquet_template_id, purchase_id, price, count) values (123, 6, 100, 384, 1);
insert into bouquets (id, bouquet_template_id, purchase_id, price, count) values (124, 14, 79, 362, 4);
insert into bouquets (id, bouquet_template_id, purchase_id, price, count) values (125, 3, 19, 380, 2);
insert into bouquets (id, bouquet_template_id, purchase_id, price, count) values (126, 2, 38, 125, 3);
insert into bouquets (id, bouquet_template_id, purchase_id, price, count) values (127, 19, 51, 373, 2);
insert into bouquets (id, bouquet_template_id, purchase_id, price, count) values (128, 28, 82, 170, 2);
insert into bouquets (id, bouquet_template_id, purchase_id, price, count) values (129, 21, 96, 260, 5);
insert into bouquets (id, bouquet_template_id, purchase_id, price, count) values (130, 16, 99, 109, 3);


insert into bouquet_tasks (id, employee_id, bouquet_id, bouquet_status_id, created, completed) values (1, 17, 24, 4, '2017-2-23', '2017-3-2');
insert into bouquet_tasks (id, employee_id, bouquet_id, bouquet_status_id, created, completed) values (2, 18, 14, 2, '2017-9-30', '2017-10-6');
insert into bouquet_tasks (id, employee_id, bouquet_id, bouquet_status_id, created, completed) values (3, 11, 41, 4, '2016-12-11', '2016-12-17');
insert into bouquet_tasks (id, employee_id, bouquet_id, bouquet_status_id, created, completed) values (4, 18, 106, 4, '2016-1-18', NULL);
insert into bouquet_tasks (id, employee_id, bouquet_id, bouquet_status_id, created, completed) values (5, 17, 22, 4, '2016-6-26', '2016-7-2');
insert into bouquet_tasks (id, employee_id, bouquet_id, bouquet_status_id, created, completed) values (6, 11, 12, 2, '2016-11-2', '2016-11-6');
insert into bouquet_tasks (id, employee_id, bouquet_id, bouquet_status_id, created, completed) values (7, 19, 58, 3, '2016-11-17', '2016-11-20');
insert into bouquet_tasks (id, employee_id, bouquet_id, bouquet_status_id, created, completed) values (8, 18, 93, 4, '2016-2-10', '2016-2-17');
insert into bouquet_tasks (id, employee_id, bouquet_id, bouquet_status_id, created, completed) values (9, 20, 57, 4, '2017-6-17', NULL);
insert into bouquet_tasks (id, employee_id, bouquet_id, bouquet_status_id, created, completed) values (10, 12, 30, 3, '2016-5-9', '2016-5-14');
insert into bouquet_tasks (id, employee_id, bouquet_id, bouquet_status_id, created, completed) values (11, 14, 24, 3, '2016-3-20', '2016-3-25');
insert into bouquet_tasks (id, employee_id, bouquet_id, bouquet_status_id, created, completed) values (12, 11, 64, 4, '2017-3-27', '2017-3-31');
insert into bouquet_tasks (id, employee_id, bouquet_id, bouquet_status_id, created, completed) values (13, 17, 45, 4, '2016-10-26', '2016-10-31');
insert into bouquet_tasks (id, employee_id, bouquet_id, bouquet_status_id, created, completed) values (14, 19, 90, 1, '2016-5-15', NULL);
insert into bouquet_tasks (id, employee_id, bouquet_id, bouquet_status_id, created, completed) values (15, 18, 73, 2, '2016-8-6', '2016-8-13');
insert into bouquet_tasks (id, employee_id, bouquet_id, bouquet_status_id, created, completed) values (16, 13, 100, 4, '2017-3-26', '2017-3-29');
insert into bouquet_tasks (id, employee_id, bouquet_id, bouquet_status_id, created, completed) values (17, 13, 64, 3, '2017-5-23', '2017-5-29');
insert into bouquet_tasks (id, employee_id, bouquet_id, bouquet_status_id, created, completed) values (18, 13, 65, 4, '2017-10-10', '2017-10-12');
insert into bouquet_tasks (id, employee_id, bouquet_id, bouquet_status_id, created, completed) values (19, 20, 79, 2, '2016-1-16', '2016-1-21');
insert into bouquet_tasks (id, employee_id, bouquet_id, bouquet_status_id, created, completed) values (20, 18, 120, 3, '2016-4-8', '2016-4-18');
insert into bouquet_tasks (id, employee_id, bouquet_id, bouquet_status_id, created, completed) values (21, 18, 117, 1, '2016-5-31', NULL);
insert into bouquet_tasks (id, employee_id, bouquet_id, bouquet_status_id, created, completed) values (22, 13, 97, 4, '2017-5-6', NULL);
insert into bouquet_tasks (id, employee_id, bouquet_id, bouquet_status_id, created, completed) values (23, 10, 96, 2, '2016-6-13', '2016-6-17');
insert into bouquet_tasks (id, employee_id, bouquet_id, bouquet_status_id, created, completed) values (24, 15, 122, 4, '2017-4-30', NULL);
insert into bouquet_tasks (id, employee_id, bouquet_id, bouquet_status_id, created, completed) values (25, 14, 101, 1, '2016-1-9', NULL);
insert into bouquet_tasks (id, employee_id, bouquet_id, bouquet_status_id, created, completed) values (26, 16, 32, 4, '2017-2-11', '2017-2-21');
insert into bouquet_tasks (id, employee_id, bouquet_id, bouquet_status_id, created, completed) values (27, 16, 24, 2, '2017-7-25', '2017-8-1');
insert into bouquet_tasks (id, employee_id, bouquet_id, bouquet_status_id, created, completed) values (28, 18, 27, 4, '2016-8-27', '2016-9-1');
insert into bouquet_tasks (id, employee_id, bouquet_id, bouquet_status_id, created, completed) values (29, 11, 39, 1, '2017-7-17', NULL);
insert into bouquet_tasks (id, employee_id, bouquet_id, bouquet_status_id, created, completed) values (30, 20, 52, 4, '2016-3-10', '2016-3-15');
insert into bouquet_tasks (id, employee_id, bouquet_id, bouquet_status_id, created, completed) values (31, 13, 75, 4, '2016-3-22', '2016-3-27');
insert into bouquet_tasks (id, employee_id, bouquet_id, bouquet_status_id, created, completed) values (32, 15, 128, 3, '2016-12-29', '2017-1-8');
insert into bouquet_tasks (id, employee_id, bouquet_id, bouquet_status_id, created, completed) values (33, 20, 55, 2, '2016-2-25', '2016-3-4');
insert into bouquet_tasks (id, employee_id, bouquet_id, bouquet_status_id, created, completed) values (34, 20, 6, 1, '2016-8-8', NULL);
insert into bouquet_tasks (id, employee_id, bouquet_id, bouquet_status_id, created, completed) values (35, 20, 5, 4, '2017-7-27', '2017-8-5');
insert into bouquet_tasks (id, employee_id, bouquet_id, bouquet_status_id, created, completed) values (36, 13, 55, 1, '2015-11-22', NULL);
insert into bouquet_tasks (id, employee_id, bouquet_id, bouquet_status_id, created, completed) values (37, 14, 82, 2, '2017-1-16', '2017-1-25');
insert into bouquet_tasks (id, employee_id, bouquet_id, bouquet_status_id, created, completed) values (38, 13, 82, 4, '2016-10-27', '2016-11-3');
insert into bouquet_tasks (id, employee_id, bouquet_id, bouquet_status_id, created, completed) values (39, 19, 87, 3, '2016-5-2', '2016-5-5');
insert into bouquet_tasks (id, employee_id, bouquet_id, bouquet_status_id, created, completed) values (40, 15, 122, 2, '2017-8-25', '2017-8-28');
insert into bouquet_tasks (id, employee_id, bouquet_id, bouquet_status_id, created, completed) values (41, 10, 19, 4, '2017-10-13', '2017-10-21');
insert into bouquet_tasks (id, employee_id, bouquet_id, bouquet_status_id, created, completed) values (42, 14, 10, 3, '2017-6-17', '2017-6-24');
insert into bouquet_tasks (id, employee_id, bouquet_id, bouquet_status_id, created, completed) values (43, 13, 118, 3, '2016-4-19', '2016-4-27');
insert into bouquet_tasks (id, employee_id, bouquet_id, bouquet_status_id, created, completed) values (44, 16, 119, 2, '2017-5-4', '2017-5-10');
insert into bouquet_tasks (id, employee_id, bouquet_id, bouquet_status_id, created, completed) values (45, 16, 96, 3, '2016-2-1', '2016-2-8');
insert into bouquet_tasks (id, employee_id, bouquet_id, bouquet_status_id, created, completed) values (46, 12, 93, 1, '2016-7-27', NULL);
insert into bouquet_tasks (id, employee_id, bouquet_id, bouquet_status_id, created, completed) values (47, 13, 125, 4, '2016-10-6', '2016-10-10');
insert into bouquet_tasks (id, employee_id, bouquet_id, bouquet_status_id, created, completed) values (48, 16, 17, 1, '2016-9-16', NULL);
insert into bouquet_tasks (id, employee_id, bouquet_id, bouquet_status_id, created, completed) values (49, 14, 129, 3, '2016-9-21', '2016-9-25');
insert into bouquet_tasks (id, employee_id, bouquet_id, bouquet_status_id, created, completed) values (50, 13, 105, 4, '2017-8-19', NULL);
insert into bouquet_tasks (id, employee_id, bouquet_id, bouquet_status_id, created, completed) values (51, 12, 62, 3, '2016-1-17', '2016-1-25');
insert into bouquet_tasks (id, employee_id, bouquet_id, bouquet_status_id, created, completed) values (52, 12, 79, 4, '2017-2-21', '2017-2-27');
insert into bouquet_tasks (id, employee_id, bouquet_id, bouquet_status_id, created, completed) values (53, 13, 21, 4, '2017-6-5', '2017-6-11');
insert into bouquet_tasks (id, employee_id, bouquet_id, bouquet_status_id, created, completed) values (54, 15, 99, 3, '2016-1-23', '2016-2-1');
insert into bouquet_tasks (id, employee_id, bouquet_id, bouquet_status_id, created, completed) values (55, 18, 56, 4, '2017-2-11', '2017-2-15');
insert into bouquet_tasks (id, employee_id, bouquet_id, bouquet_status_id, created, completed) values (56, 11, 89, 4, '2017-8-9', NULL);
insert into bouquet_tasks (id, employee_id, bouquet_id, bouquet_status_id, created, completed) values (57, 15, 74, 1, '2017-5-19', NULL);
insert into bouquet_tasks (id, employee_id, bouquet_id, bouquet_status_id, created, completed) values (58, 17, 4, 4, '2017-4-9', '2017-4-16');
insert into bouquet_tasks (id, employee_id, bouquet_id, bouquet_status_id, created, completed) values (59, 18, 44, 4, '2016-11-25', '2016-11-30');
insert into bouquet_tasks (id, employee_id, bouquet_id, bouquet_status_id, created, completed) values (60, 12, 39, 4, '2016-6-27', NULL);

INSERT INTO flowers_in_bouquet(bouquet_id,flower_id,count)
SELECT b.id,fbt.flower_id,fbt.count
FROM bouquets AS b
JOIN flowers_in_bouquet_template fbt ON fbt.bouquet_template_id = b.bouquet_template_id;

INSERT INTO accessories_in_bouquet(bouquet_id,accessory_id,count)
SELECT b.id,abt.accessory_id,abt.count
FROM bouquets AS b
JOIN accessories_in_bouquet_template abt ON abt.bouquet_template_id = b.bouquet_template_id;

insert into news (header, description, date) values ('eros elementum pellentesque', 'tempor convallis nulla neque libero convallis eget eleifend luctus ultricies eu nibh quisque id justo sit amet sapien dignissim vestibulum vestibulum ante ipsum primis in', '2017-2-6');
insert into news (header, description, date) values ('nibh in', 'curae donec pharetra magna vestibulum aliquet ultrices erat tortor sollicitudin mi sit amet lobortis sapien sapien non mi', '2017-10-22');
insert into news (header, description, date) values ('justo sit amet sapien', 'eu mi nulla ac enim in tempor turpis nec euismod scelerisque quam turpis adipiscing lorem vitae mattis nibh ligula nec sem duis aliquam convallis nunc proin at', '2016-12-2');
insert into news (header, description, date) values ('nulla dapibus dolor', 'eu magna vulputate luctus cum sociis natoque penatibus et magnis dis parturient montes nascetur ridiculus mus vivamus vestibulum sagittis sapien cum sociis natoque penatibus', '2017-4-17');
insert into news (header, description, date) values ('nibh in', 'luctus et ultrices posuere cubilia curae mauris viverra diam vitae quam suspendisse potenti nullam porttitor lacus at turpis', '2017-7-13');
insert into news (header, description, date) values ('scelerisque mauris sit amet', 'amet sem fusce consequat nulla nisl nunc nisl duis bibendum felis sed interdum venenatis turpis enim blandit mi in porttitor pede justo eu massa donec dapibus', '2017-7-18');
insert into news (header, description, date) values ('laoreet ut rhoncus', 'in eleifend quam a odio in hac habitasse platea dictumst maecenas ut massa quis augue luctus tincidunt nulla mollis molestie lorem', '2017-4-6');
insert into news (header, description, date) values ('vestibulum', 'in consequat ut nulla sed accumsan felis ut at dolor quis odio consequat varius integer ac leo pellentesque ultrices mattis odio donec vitae nisi nam ultrices libero non mattis', '2016-12-9');
insert into news (header, description, date) values ('sem', 'consequat morbi a ipsum integer a nibh in quis justo maecenas rhoncus aliquam lacus morbi quis tortor id nulla ultrices aliquet maecenas leo odio condimentum', '2017-8-16');
insert into news (header, description, date) values ('potenti in', 'est risus auctor sed tristique in tempus sit amet sem fusce consequat nulla nisl nunc nisl duis', '2017-9-17');

SELECT setval('user_groups_id_seq', (SELECT max(id) FROM user_groups));
SELECT setval('employees_id_seq', (SELECT max(id) FROM employees));
SELECT setval('supply_statuses_id_seq', (SELECT max(id) FROM supply_statuses));
SELECT setval('supplies_id_seq', (SELECT max(id) FROM supplies));
SELECT setval('flowers_id_seq', (SELECT max(id) FROM flowers));
SELECT setval('accessories_id_seq', (SELECT max(id) FROM accessories));
SELECT setval('supply_flower_batch_id_seq', (SELECT max(id) FROM supply_flower_batch));
SELECT setval('supply_accessory_batch_id_seq', (SELECT max(id) FROM supply_accessory_batch));
SELECT setval('bouquet_templates_id_seq', (SELECT max(id) FROM bouquet_templates));
SELECT setval('flowers_in_bouquet_template_id_seq', (SELECT max(id) FROM flowers_in_bouquet_template));
SELECT setval('accessories_in_bouquet_template_id_seq', (SELECT max(id) FROM accessories_in_bouquet_template));
SELECT setval('bouquet_statuses_id_seq', (SELECT max(id) FROM bouquet_statuses));
SELECT setval('genders_id_seq', (SELECT max(id) FROM genders));
SELECT setval('clients_id_seq', (SELECT max(id) FROM clients));
SELECT setval('requests_id_seq', (SELECT max(id) FROM requests));
SELECT setval('basket_bouquets_id_seq', (SELECT max(id) FROM basket_bouquets));
SELECT setval('basket_accessories_id_seq', (SELECT max(id) FROM basket_accessories));
SELECT setval('purchase_types_id_seq', (SELECT max(id) FROM purchase_types));
SELECT setval('purchases_id_seq', (SELECT max(id) FROM purchases));
SELECT setval('news_id_seq', (SELECT max(id) FROM news));
SELECT setval('accessories_purchased_id_seq', (SELECT max(id) FROM accessories_purchased));
SELECT setval('bouquets_id_seq', (SELECT max(id) FROM bouquets));
SELECT setval('bouquet_tasks_id_seq', (SELECT max(id) FROM bouquet_tasks));
SELECT setval('flowers_in_bouquet_id_seq', (SELECT max(id) FROM flowers_in_bouquet));
SELECT setval('accessories_in_bouquet_id_seq', (SELECT max(id) FROM accessories_in_bouquet));
SELECT setval('flowers_in_new_bouquet_template_id_seq', (SELECT max(id) FROM flowers_in_new_bouquet_template));
SELECT setval('accessories_in_new_bouquet_template_id_seq', (SELECT max(id) FROM accessories_in_new_bouquet_template));
